sample_id	Bin ID	Mapped genome	Purity (bp)	Completeness (bp)	Predicted size (bp)	True positives (bp)	True size (bp)	Purity (seq)	Completeness (seq)	Predicted size (seq)	True positives (seq)	True size (seq)
pool	362	1030743	0.3283532153057102	1.0	10987089	3607646	3607646.0	0.004310344827586207	1.0	696	3	3.0
pool	16	1048999	0.9909438209124128	1.0	8005915	7933412	7933412.0	0.9166666666666666	1.0	12	11	11.0
pool	48	1049029	0.7337819296336016	0.9996181256724079	5486596	4025965	4027503.0	0.11214953271028037	0.9230769230769231	107	12	13.0
pool	218	1048777	1.0	0.9994730924696263	6989952	6989952	6993637.0	1.0	0.8823529411764706	15	15	17.0
pool	241	1287_BW	0.2199726826362407	0.9993809480405355	15551281	3420857	3422976.0	0.17142857142857143	0.6666666666666666	35	6	9.0
pool	405	1030821	0.985924573186116	0.9990061246775445	4161650	4103073	4107155.0	0.9295774647887324	0.9565217391304348	71	66	69.0
pool	266	1021_AG	0.3307222922164117	0.998607751237965	11850190	3919122	3924586.0	0.21428571428571427	0.75	14	3	4.0
pool	308	1053016	0.20416705646659156	0.9983110448820369	37262706	7607817	7620688.0	0.19095477386934673	0.8837209302325582	199	38	43.0
pool	136	1286_AT	0.4265552195694363	0.9982360017316081	8308875	3544194	3550457.0	0.29411764705882354	0.7142857142857143	17	5	7.0
pool	220	1036599	0.9683043981338543	0.9981799306276496	4453457	4312302	4320165.0	0.47058823529411764	0.7272727272727273	34	16	22.0
pool	289	1286_BP	0.4201086663245494	0.9981793352285812	9450950	3970426	3977668.0	0.25806451612903225	0.5714285714285714	31	8	14.0
pool	371	1286_BX	1.0	0.9981233485499961	4575626	4575626	4584229.0	1.0	0.71875	23	23	32.0
pool	50	1036746	0.9587288776917772	0.9980450506749458	2505408	2402007	2406712.0	0.8157894736842105	0.9117647058823529	38	31	34.0
pool	240	1036563	0.941721773078214	0.9978426978652658	3929821	3700798	3708799.0	0.3548387096774194	0.7333333333333333	31	11	15.0
pool	246	1139_BV	0.509806394120924	0.997750078382171	7478182	3812425	3821022.0	0.6666666666666666	0.9032258064516129	42	28	31.0
pool	415	1285_AN	0.9833887812220965	0.9976388838512211	4363256	4290777	4300932.0	0.4838709677419355	0.5555555555555556	31	15	27.0
pool	126	1036638	0.9929399764097833	0.9975944546492942	1643054	1631454	1635388.0	0.9	0.8181818181818182	10	9	11.0
pool	361	1021_B	0.1442593825504235	0.9973287378272427	25037089	3611835	3621509.0	0.0851063829787234	0.4444444444444444	47	4	9.0
pool	21	1036578	0.9548189630255853	0.9972666212017218	2857814	2728695	2736174.0	0.8461538461538461	0.8918918918918919	39	33	37.0
pool	114	1220_BE	0.6521969622836361	0.9970621592247868	7367969	4805367	4819526.0	0.12903225806451613	0.3333333333333333	31	4	12.0
pool	245	1139_AY	0.5045228670193703	0.9969295762863087	11571753	5838214	5856195.0	0.38181818181818183	0.7777777777777778	55	21	27.0
pool	378	1036542	0.7889873185242962	0.9968299457544305	6615555	5219589	5236188.0	0.42105263157894735	0.8888888888888888	38	16	18.0
pool	234	1139_AX	0.9010101577647438	0.9966533615455642	7190263	6478500	6500254.0	0.37209302325581395	0.6153846153846154	86	32	52.0
pool	242	1036659	0.9207063216090375	0.9963783934655039	6005876	5529648	5549747.0	0.6435643564356436	0.9154929577464789	101	65	71.0
pool	399	1285_L	0.5864811786676675	0.9963232483791554	9400716	5513343	5533689.0	0.5675675675675675	0.5526315789473685	37	21	38.0
pool	58	1036590	0.983446508424934	0.9961626758176985	4244603	4174340	4190420.0	0.7777777777777778	0.5833333333333334	9	7	12.0
pool	290	1286_CF	0.9438868150390101	0.995997698138785	4268765	4029231	4045422.0	0.5555555555555556	0.625	27	15	24.0
pool	109	1049023	0.9623640088570254	0.995768119575116	6125307	5894775	5919827.0	0.9285714285714286	0.883495145631068	98	91	103.0
pool	211	1021_BF	0.3396369053087547	0.9954958812709823	17796735	6044428	6071776.0	0.3157894736842105	0.47058823529411764	76	24	51.0
pool	301	1035987	0.9233610552645543	0.9954169483241462	2188039	2020350	2029652.0	0.8095238095238095	0.8717948717948718	42	34	39.0
pool	192	1035990	0.9848238009216389	0.9954129842074128	5887772	5798418	5825138.0	0.868421052631579	0.825	38	33	40.0
pool	205	1048891	0.9994580014286609	0.9951832986038981	3719567	3717551	3735544.0	0.98	0.8448275862068966	50	49	58.0
pool	142	1030725	0.946997700983476	0.9950551492047764	3546299	3358337	3375026.0	0.8421052631578947	0.8888888888888888	19	16	18.0
pool	65	1030791	0.7893811210715386	0.9947184703340415	5377837	4245163	4267703.0	0.7058823529411765	0.7058823529411765	17	12	17.0
pool	306	1048894	0.503860041959461	0.9946733249946328	10418151	5249290	5277401.0	0.6363636363636364	0.7777777777777778	55	35	45.0
pool	363	1139_AQ	0.36277441930767346	0.9946679738164215	12070807	4378980	4402454.0	0.3125	0.5555555555555556	32	10	18.0
pool	427	1036008	0.9861866581014805	0.9942669085860969	3536798	3487943	3508055.0	0.9166666666666666	0.8461538461538461	48	44	52.0
pool	439	1220_AS	0.5100643507533306	0.9941133914399061	5080904	2591588	2606934.0	0.3	0.25	10	3	12.0
pool	54	1365_G	0.5001166339124326	0.9940360114006626	7304908	3653306	3675225.0	0.3829787234042553	0.72	47	18	25.0
pool	44	1049080	1.0	0.9938798737028482	6073585	6073585	6110985.0	1.0	0.7241379310344828	21	21	29.0
pool	93	1030965	0.9776534732423577	0.9936050622253553	4842766	4734547	4765019.0	0.9473684210526315	0.84375	57	54	64.0
pool	390	1048960	0.9731482869188499	0.9935709575652494	3990062	3882922	3908047.0	0.975	0.7959183673469388	40	39	49.0
pool	359	1048582	1.0	0.993369135721221	5509409	5509409	5546185.0	1.0	0.8095238095238095	17	17	21.0
pool	104	1036647	0.9430211171112316	0.993206167428857	4212508	3972484	3999657.0	0.6024096385542169	0.8064516129032258	83	50	62.0
pool	408	1220_N	0.2753170889298251	0.9930014281910651	13248255	3647471	3673178.0	0.06097560975609756	0.38461538461538464	82	5	13.0
pool	14	1220_CG	0.4618535758788891	0.9924311324076728	8073260	3728664	3757101.0	0.3	0.375	10	3	8.0
pool	26	1287_D	0.5030472398362863	0.992254674405821	8629941	4341268	4375155.0	0.46296296296296297	0.5102040816326531	54	25	49.0
pool	329	1035897	0.9992526943870342	0.9922152655731302	3254358	3251926	3277440.0	0.9928057553956835	0.92	139	138	150.0
pool	358	1030722	0.9679034780620099	0.9918079710919895	3257705	3153144	3179188.0	0.86	0.8113207547169812	50	43	53.0
pool	212	1021_O	0.9818149025564612	0.9914214164429946	6570215	6450735	6506552.0	0.8695652173913043	0.5555555555555556	23	20	36.0
pool	300	1049077	0.9908793397092822	0.9913921070244299	4205178	4166824	4203003.0	0.9473684210526315	0.6666666666666666	19	18	27.0
pool	255	1035984	0.9806495436726727	0.9913401336515032	2810373	2755991	2780066.0	0.9605263157894737	0.8488372093023255	76	73	86.0
pool	296	1030713	0.9941106247834343	0.9913178125994209	2476154	2461571	2483130.0	0.9444444444444444	0.85	18	17	20.0
pool	63	1139_BI	0.3205149708525549	0.9908152596657184	14851559	4760147	4804273.0	0.04093567251461988	0.5	171	7	14.0
pool	252	1285_BW	0.3331591871534414	0.9906366367890675	16870884	5620690	5673816.0	0.3177570093457944	0.5666666666666667	107	34	60.0
pool	429	1036719	0.9684532472899298	0.9906028809308348	6768367	6554847	6617028.0	0.8840579710144928	0.8243243243243243	69	61	74.0
pool	274	1036677	1.0	0.9905078588070982	3165884	3165884	3196223.0	1.0	0.6923076923076923	27	27	39.0
pool	125	1286_CK	1.0	0.9901207294733201	5062817	5062817	5113333.0	1.0	0.4528301886792453	24	24	53.0
pool	52	1285_BT	0.5014545419588673	0.9899143346221159	10298431	5164195	5216810.0	0.35294117647058826	0.47368421052631576	51	18	38.0
pool	431	1365_H	0.5205596220824927	0.9896875102181905	6512109	3389941	3425264.0	0.5294117647058824	0.6428571428571429	17	9	14.0
pool	73	1049053	0.9991761100348961	0.9896348568377511	4782192	4778252	4828298.0	0.9583333333333334	0.7666666666666667	24	23	30.0
pool	342	1048981	0.9950876246360683	0.9895722491173966	4270032	4249056	4293831.0	0.96	0.631578947368421	25	24	38.0
pool	160	1286_CO	0.9978632700571044	0.9895260772173315	4428730	4419267	4466044.0	0.9807692307692307	0.75	52	51	68.0
pool	24	1048771	0.5164005198105764	0.9889032762266695	7498116	3872031	3915480.0	0.4838709677419355	0.5769230769230769	31	15	26.0
pool	202	1286_AD	0.5184299590981587	0.9888294618376181	8246817	4275397	4323695.0	0.38235294117647056	0.5416666666666666	34	13	24.0
pool	397	1286_AQ	0.5064556055833345	0.9888185164909301	5802554	2938736	2971967.0	0.17073170731707318	0.5185185185185185	82	14	27.0
pool	307	1036002	1.0	0.988117809271288	4096357	4096357	4145616.0	1.0	0.7741935483870968	48	48	62.0
pool	169	1048882	0.6691406367538691	0.9869365405325299	11266237	7538697	7638482.0	0.4444444444444444	0.7272727272727273	18	8	11.0
pool	386	1036725	0.2707894590775703	0.9867735981159697	7729001	2092932	2120985.0	0.12009803921568628	0.8909090909090909	408	49	55.0
pool	98	1220_AM	0.9470857701691737	0.9865804174039595	3564561	3375945	3421865.0	0.46875	0.6	32	15	25.0
pool	41	1036548	0.857735798474495	0.9865449689891216	6975395	5983046	6064646.0	0.44692737430167595	0.7766990291262136	179	80	103.0
pool	3	1049071	0.9558323646336873	0.9864844201742416	5129729	4903161	4970338.0	0.6976744186046512	0.7692307692307693	43	30	39.0
pool	193	1048906	1.0	0.9854608598170547	4416400	4416400	4481558.0	1.0	0.7708333333333334	74	74	96.0
pool	385	1286_AY	1.0	0.9852101465108953	3471851	3471851	3523970.0	1.0	0.5454545454545454	12	12	22.0
pool	49	1286_BC	0.9573803692862276	0.9851026119177991	5545942	5309576	5389871.0	0.6571428571428571	0.6388888888888888	35	23	36.0
pool	122	1048657	0.9983341257868799	0.9850760780500809	3775195	3768906	3826005.0	0.992	0.8732394366197183	125	124	142.0
pool	215	1036623	0.9959728720589941	0.984934601265445	2120618	2112078	2144384.0	0.9565217391304348	0.8148148148148148	23	22	27.0
pool	318	1036770	0.9868394984122167	0.9849082596990825	2306675	2276318	2311198.0	0.972972972972973	0.8181818181818182	74	72	88.0
pool	332	1139_BG	1.0	0.9845805150722039	5675894	5675894	5764784.0	1.0	0.41379310344827586	24	24	58.0
pool	268	1030803	1.0	0.9840935655407478	2287556	2287556	2324531.0	1.0	0.6944444444444444	50	50	72.0
pool	285	1049062	0.9923965454818132	0.9840683807725794	3300605	3275509	3328538.0	0.975	0.7959183673469388	40	39	49.0
pool	184	1286_K	1.0	0.9840367759221436	3745427	3745427	3806186.0	1.0	0.375	18	18	48.0
pool	278	1036587	1.0	0.9837188437874296	3888072	3888072	3952422.0	1.0	0.7692307692307693	40	40	52.0
pool	170	1048855	1.0	0.9835210896620893	4659978	4659978	4738056.0	1.0	0.6206896551724138	18	18	29.0
pool	68	1030764	0.9932571786623872	0.9835107548097608	4669707	4638220	4715983.0	0.9583333333333334	0.71875	24	23	32.0
pool	224	1049026	1.0	0.9834966288570796	3274196	3274196	3329138.0	1.0	0.6060606060606061	20	20	33.0
pool	195	1048774	1.0	0.9829248576125036	3894595	3894595	3962251.0	1.0	0.6538461538461539	17	17	26.0
pool	404	1036545	0.7981476504303158	0.9828089942012872	5216402	4163459	4236285.0	0.616822429906542	0.8148148148148148	107	66	81.0
pool	393	1048984	1.0	0.9826868201807138	5968428	5968428	6073581.0	1.0	0.6333333333333333	57	57	90.0
pool	304	1035996	1.0	0.9824398361832365	3505476	3505476	3568133.0	1.0	0.7916666666666666	38	38	48.0
pool	417	1036656	0.9311639580744954	0.9824383137191767	3597810	3350151	3410037.0	0.8235294117647058	0.84	102	84	100.0
pool	384	1035912		0.9818620471278516	936447	936447	953746.0		0.76	19	19	25.0
pool	388	1030758	0.7444914461314415	0.9816825419312777	3927755	2924180	2978743.0	0.5	0.625	10	5	8.0
pool	25	1139_AO	1.0	0.9812724290649398	5269692	5269692	5370264.0	1.0	0.5	25	25	50.0
pool	90	1048876	0.5128938263267541	0.9812470468742133	17212346	8828106	8996823.0	0.45098039215686275	0.71875	51	23	32.0
pool	97	1010920	0.9965790894432018	0.9811693176515462	4460216	4444958	4530266.0	0.9770114942528736	0.7798165137614679	87	85	109.0
pool	100	1048576	0.9954289569790131	0.9810905910826153	2869367	2856251	2911302.0	0.96875	0.8157894736842105	64	62	76.0
pool	254	1286_AE	1.0	0.9808998273411556	4626724	4626724	4716816.0	1.0	0.7045454545454546	31	31	44.0
pool	341	1285_BN	0.8874559623954522	0.980831531132477	4962804	4404270	4490343.0	0.7272727272727273	0.6956521739130435	44	32	46.0
pool	76	1049068	0.3292483757168417	0.9803441568658028	10692563	3520509	3591095.0	0.07954545454545454	0.7368421052631579	176	14	19.0
pool	421	1036764	0.9916671502350142	0.9801778032692859	2412620	2392516	2440900.0	0.925	0.7115384615384616	40	37	52.0
pool	293	1049041	0.9679035986219654	0.9800521392818377	5045737	4883787	4983191.0	0.8837209302325582	0.6909090909090909	43	38	55.0
pool	27	1139_AR	0.8031921199944886	0.9796896537048827	5617458	4511898	4605436.0	0.7659574468085106	0.6101694915254238	47	36	59.0
pool	106	1220_CD	0.4401971560421466	0.9790500684571097	13846900	6095366	6225796.0	0.16872427983539096	0.5694444444444444	243	41	72.0
pool	344	1139_CL	1.0	0.9790385629282969	4885656	4885656	4990259.0	1.0	0.3333333333333333	16	16	48.0
pool	312	1036632	0.9968455567705141	0.9789802564551704	4120854	4107855	4196055.0	0.9615384615384616	0.625	26	25	40.0
pool	244	1030770	0.992063298298726	0.9789742967875401	2457570	2438065	2490428.0	0.9230769230769231	0.6666666666666666	26	24	36.0
pool	155	1220_AZ	0.27721684874784935	0.9787372829938271	23474053	6507403	6648774.0	0.2108843537414966	0.3333333333333333	147	31	93.0
pool	207	1287_AL	0.1479654754612955	0.9785838993131499	31713675	4692529	4795224.0	0.18023255813953487	0.41333333333333333	172	31	75.0
pool	56	1030872	1.0	0.9784452366771939	4645975	4645975	4748324.0	1.0	0.7407407407407407	20	20	27.0
pool	102	1035975	0.9925916238186003	0.9782579706187415	6193395	6147512	6284142.0	0.9361702127659575	0.676923076923077	47	44	65.0
pool	187	1286_BT	1.0	0.9780059072114553	3133083	3133083	3203542.0	1.0	0.6428571428571429	9	9	14.0
pool	213	1035933	1.0	0.9777258915567343	2450931	2450931	2506767.0	1.0	0.6111111111111112	22	22	36.0
pool	438	1139_CH	1.0	0.9776409575718014	3765172	3765172	3851283.0	1.0	0.4411764705882353	15	15	34.0
pool	316	1285_BI	0.17962014664721906	0.977262000316724	21060338	3782861	3870877.0	0.07142857142857142	0.5555555555555556	70	5	9.0
pool	78	1036698	0.9982816324640936	0.9771899770978774	3347945	3342192	3420207.0	0.9777777777777777	0.7457627118644068	45	44	59.0
pool	370	1036602	1.0	0.9771795187055767	2455829	2455829	2513181.0	1.0	0.7714285714285715	27	27	35.0
pool	71	1035999	0.9205168014821945	0.9767944411219901	1932270	1778687	1820943.0	0.9069767441860465	0.6290322580645161	43	39	62.0
pool	85	1036620	0.9363098031894398	0.9767381104832662	4188698	3921919	4015323.0	0.7272727272727273	0.75	66	48	64.0
pool	194	1365_D	1.0	0.9752935262879375	2720277	2720277	2789188.0	1.0	0.8	16	16	20.0
pool	256	1287_CG	0.33413324489919455	0.9748129360811176	19262546	6436257	6602556.0	0.37	0.4111111111111111	100	37	90.0
pool	60	1286_F	0.19709087252877078	0.9744904354402841	18618366	3669510	3765568.0	0.09090909090909091	0.6666666666666666	66	6	9.0
pool	302	1036797	0.995514909291557	0.9741872431596262	4291552	4272304	4385506.0	0.9285714285714286	0.7222222222222222	14	13	18.0
pool	200	1030917	0.43529471821654886	0.9741049577258084	6660345	2899213	2976284.0	0.3230769230769231	0.75	130	42	56.0
pool	223	1365_F	0.5062728913353259	0.9739881432991758	7100394	3594737	3690740.0	0.015556938394523958	0.8333333333333334	1607	25	30.0
pool	418	1285_CQ	0.21487559557708585	0.973876309149426	26598572	5715384	5868696.0	0.14746543778801843	0.5714285714285714	217	32	56.0
pool	433	1049044	1.0	0.9733101750920693	4716738	4716738	4846079.0	1.0	0.6666666666666666	60	60	90.0
pool	175	1036605	0.9883970261030942	0.9732164700514052	4656651	4602620	4729287.0	0.8809523809523809	0.7708333333333334	42	37	48.0
pool	364	1036569	0.19082297085167713	0.972488818026611	18059461	3446160	3543650.0	0.07878787878787878	0.4642857142857143	165	13	28.0
pool	89	1049074	1.0	0.9724508974601114	4978899	4978899	5119949.0	1.0	0.6756756756756757	25	25	37.0
pool	346	1035978	0.7019947007807441	0.9720760145757776	3536370	2482513	2553826.0	0.3514689880304679	0.8590425531914894	919	323	376.0
pool	402	1049017	0.8021255521613805	0.9717531261915877	8498874	6817164	7015325.0	0.75	0.5853658536585366	32	24	41.0
pool	1	1036575	0.869489008175262	0.9716681674579524	6258515	5441710	5600379.0	0.6136363636363636	0.7105263157894737	44	27	38.0
pool	407	1285_A	0.9906794503211277	0.9705939020388624	6422368	6362508	6555273.0	0.9767441860465116	0.6461538461538462	43	42	65.0
pool	233	1030773	0.9928102830573938	0.9702566605812694	2502602	2484609	2560775.0	0.9583333333333334	0.8582089552238806	120	115	134.0
pool	45	evo_1048987.032	0.33662015779624654	0.9701117006476869	8928476	3005505	3098102.0	0.34210526315789475	0.34210526315789475	38	13	38.0
pool	401	1285_BP	0.5005003382433885	0.9694657719213441	7329042	3668188	3783721.0	0.47058823529411764	0.6153846153846154	17	8	13.0
pool	381	1021_W	0.21872603334572382	0.969335386324257	21911955	4792715	4944331.0	0.19696969696969696	0.5	66	13	26.0
pool	51	1036734	1.0	0.9692933233230909	2254206	2254206	2325618.0	1.0	0.6052631578947368	23	23	38.0
pool	20	evo_1036569.006	0.3757570328142446	0.9687673205633561	8070489	3032543	3130311.0	0.21951219512195122	0.391304347826087	41	9	23.0
pool	419	1030797	1.0	0.9686064425001555	3970497	3970497	4099185.0	1.0	0.6190476190476191	39	39	63.0
pool	338	1048762	0.9135680219053935	0.9684751189929337	3470926	3170927	3274144.0	0.9545454545454546	0.84	22	21	25.0
pool	228	1049038	1.0	0.9683341562581912	3177085	3177085	3280980.0	1.0	0.4166666666666667	15	15	36.0
pool	372	1048867	0.9972591273354199	0.967937873851647	6886128	6867254	7094726.0	0.9878048780487805	0.7431192660550459	82	81	109.0
pool	235	1036722	1.0	0.9678575493218402	1955953	1955953	2020910.0	1.0	0.78125	25	25	32.0
pool	159	1048873	1.0	0.967406124853574	8481472	8481472	8767230.0	1.0	0.5405405405405406	40	40	74.0
pool	366	1035909	1.0	0.9671323779468176	2744330	2744330	2837595.0	1.0	0.8148148148148148	44	44	54.0
pool	210	1287_AF	0.3329395865591222	0.9669386346030784	10347598	3445125	3562920.0	0.18181818181818182	0.4	33	6	15.0
pool	134	1139_BL	0.5109502234365222	0.9667592461562147	9733637	4973404	5144408.0	0.4117647058823529	0.5	51	21	42.0
pool	317	1285_BK	0.5148846200444318	0.9664014826342647	6495799	3344587	3460867.0	0.4666666666666667	0.7777777777777778	15	7	9.0
pool	225	1030860	0.9980682668815136	0.965367771157782	4656958	4647962	4814706.0	0.9428571428571428	0.7021276595744681	35	33	47.0
pool	128	1036692	1.0	0.964760569567914	2090613	2090613	2166976.0	1.0	0.6979166666666666	67	67	96.0
pool	262	1286_CH	0.9990595338174475	0.9643361663912683	6152268	6146482	6373796.0	0.9803921568627451	0.5555555555555556	51	50	90.0
pool	286	1049014	1.0	0.9632309581130112	5718655	5718655	5936951.0	1.0	0.5652173913043478	26	26	46.0
pool	216	1220_I	0.19315149464671977	0.9624768575123984	33541304	6478553	6731126.0	0.12526997840172785	0.6105263157894737	463	58	95.0
pool	267	1220_R	1.0	0.9624495543356497	5589651	5589651	5807734.0	1.0	0.34523809523809523	29	29	84.0
pool	314	1030707	0.9853299782223546	0.9606489320119093	3881044	3824109	3980756.0	0.9230769230769231	0.8	65	60	75.0
pool	127	evo_1048972.030	0.2538917825673569	0.9605231642246955	11577728	2939490	3060301.0	0.10317460317460317	0.48148148148148145	126	13	27.0
pool	138	1030875	0.7884315711932016	0.9600481030591569	4434967	3496668	3642180.0	0.4835164835164835	0.7213114754098361	91	44	61.0
pool	110	1036758	0.9968554480058995	0.9599677826689915	3880998	3868794	4030129.0	0.9629629629629629	0.6341463414634146	54	52	82.0
pool	153	evo_1036674.014	0.5224893167166799	0.9597262733884748	5595190	2923427	3046105.0	0.49206349206349204	0.775	63	31	40.0
pool	396	1035948	0.9283862857019941	0.9594696651582816	3347222	3107515	3238784.0	0.7638888888888888	0.5851063829787234	72	55	94.0
pool	257	1220_Z	0.7993617169864269	0.9594304842065585	7030737	5620102	5857748.0	0.8857142857142857	0.6485355648535565	350	310	478.0
pool	15	1036653	1.0	0.9588798143969777	5191919	5191919	5414567.0	1.0	0.75	21	21	28.0
pool	95	evo_1048963.008	0.8344097851998918	0.95886968454388	5942362	4958365	5171052.0	0.574468085106383	0.7714285714285715	47	27	35.0
pool	141	1036761	0.9964722287789569	0.9582756799230794	3808637	3795201	3960448.0	0.9411764705882353	0.7619047619047619	34	32	42.0
pool	124	1287_CC	0.5325528825241744	0.9580451660528925	11207625	5968653	6230033.0	0.49122807017543857	0.39436619718309857	57	28	71.0
pool	35	1049086	0.7550473451519891	0.9579051367323487	5770707	4357157	4548631.0	0.4523809523809524	0.38	84	38	100.0
pool	168	1139_AK	0.7965186602161939	0.9577328566107471	5345758	4257996	4445912.0	0.660377358490566	0.6481481481481481	53	35	54.0
pool	292	1286_BR	0.9979942615693698	0.9566632594770509	5161690	5151337	5384692.0	0.9130434782608695	0.3	23	21	70.0
pool	190	1035915		0.9565918353737707	1219315	1219315	1274645.0		0.46153846153846156	18	18	39.0
pool	31	1036596	0.9241778316199926	0.9564566969185663	5208635	4813705	5032852.0	0.4606741573033708	0.6949152542372882	89	41	59.0
pool	17	1036689	0.9430632980709093	0.9562572483650845	6552206	6179145	6461802.0	0.9120879120879121	0.6859504132231405	91	83	121.0
pool	107	1049008	1.0	0.9559825953140191	4951096	4951096	5179065.0	1.0	0.625	35	35	56.0
pool	72	1036794	0.9888322355310046	0.955833383751845	3387070	3349244	3504004.0	0.9868421052631579	0.6944444444444444	76	75	108.0
pool	62	1286_X	0.9973131500556093	0.9557903100001004	4294248	4282710	4480805.0	0.9642857142857143	0.4576271186440678	28	27	59.0
pool	10	1287_CL	0.2118071117516714	0.954503853755068	24496609	5188556	5435867.0	0.1553784860557769	0.5492957746478874	251	39	71.0
pool	81	1048780	0.9985027551821667	0.9537245139686729	7866449	7854671	8235786.0	0.9814814814814815	0.5196078431372549	54	53	102.0
pool	337	1030935	0.9782675940701682	0.9534249238454491	6226416	6091101	6388653.0	0.8545454545454545	0.49473684210526314	55	47	95.0
pool	311	1036611	1.0	0.952790651204201	2522377	2522377	2647357.0	1.0	0.704	88	88	125.0
pool	226	1036668	1.0	0.952617393191146	3310294	3310294	3474946.0	1.0	0.4117647058823529	14	14	34.0
pool	43	1030809	0.992823467045309	0.9523846303245835	3403036	3378614	3547531.0	0.9900990099009901	0.5649717514124294	101	100	177.0
pool	36	1286_W	0.9402878146656334	0.9522129800485556	4937066	4642263	4875236.0	0.4	0.2702702702702703	25	10	37.0
pool	140	1220_CE	0.34727160255671446	0.9521553940896443	11435614	3971264	4170815.0	0.3333333333333333	0.375	27	9	24.0
pool	11	1036671	1.0	0.9507370636656663	2533102	2533102	2664356.0	1.0	0.7307692307692307	76	76	104.0
pool	67	1220_AF	0.8457364946674084	0.9497223036138317	5081863	4297917	4525446.0	0.7058823529411765	0.4897959183673469	34	24	49.0
pool	88	1220_AC	0.5132420642935206	0.9479321855085467	15363881	7885390	8318517.0	0.24293785310734464	0.6142857142857143	177	43	70.0
pool	30	1220_V	0.898188232484758	0.947734971877016	6658415	5980510	6310319.0	0.6973684210526315	0.6708860759493671	76	53	79.0
pool	376	1035972	1.0	0.946469489493814	2234605	2234605	2360990.0	1.0	0.8738738738738738	97	97	111.0
pool	156	1286_M	0.22090652377982792	0.9463390724772972	16667362	3681929	3890708.0	0.2	0.4166666666666667	25	5	12.0
pool	82	1036710	1.0	0.9460807662001878	4711486	4711486	4980004.0	1.0	0.42857142857142855	27	27	63.0
pool	269	1048879	1.0	0.9460528747868159	8844391	8844391	9348728.0	1.0	0.76	38	38	50.0
pool	248	1220_AG	1.0	0.9436638739414268	3340036	3340036	3539434.0	1.0	0.3548387096774194	11	11	31.0
pool	22	1030785	1.0	0.9432474583401744	2717395	2717395	2880893.0	1.0	0.5641025641025641	22	22	39.0
pool	400	1048936	0.9944382504456153	0.9424135799774098	6381625	6346132	6733914.0	0.9333333333333333	0.4117647058823529	15	14	34.0
pool	434	1035936	0.980108707074234	0.9405020943424766	2417138	2369058	2518929.0	0.8571428571428571	0.5142857142857142	21	18	35.0
pool	315	1030815	0.9923197306762236	0.9402691465732788	3373189	3347282	3559919.0	0.9411764705882353	0.5079365079365079	34	32	63.0
pool	251	1286_BA	0.14762302643970895	0.9395962968909786	29651045	4377177	4658572.0	0.12875536480686695	0.38461538461538464	233	30	78.0
pool	355	1030890	1.0	0.9362612254919342	3142176	3142176	3356089.0	1.0	0.6753246753246753	52	52	77.0
pool	151	1285_CI	0.989582353501061	0.9360636249565183	7165342	7090696	7575015.0	0.8780487804878049	0.33962264150943394	41	36	106.0
pool	57	1365_P	0.3585178937866691	0.9352877841174027	15385564	5516000	5897650.0	0.37777777777777777	0.3953488372093023	45	17	43.0
pool	270	1030788	0.9241183243885738	0.9340417745090966	3068277	2835451	3035679.0	0.6464646464646465	0.810126582278481	99	64	79.0
pool	61	1052983	0.20334992926557766	0.9333642944014678	23255297	4728963	5066578.0	0.22023047375160051	0.6907630522088354	781	172	249.0
pool	189	1036560	0.9907479565796108	0.9311056902539314	2588185	2564239	2753972.0	0.9545454545454546	0.65625	66	63	96.0
pool	108	1030824	1.0	0.9303061532880582	1966977	1966977	2114333.0	1.0	0.7596153846153846	79	79	104.0
pool	353	1030767		0.9284903334859316	1318317	1318317	1419850.0		0.42424242424242425	14	14	33.0
pool	112	1035924		0.9284755985689386	818860	809705	872080.0		0.64	33	32	50.0
pool	426	1030830	0.9905437038172781	0.9282026038347102	4591544	4548125	4899927.0	0.9583333333333334	0.5307692307692308	72	69	130.0
pool	354	1048951	1.0	0.9270097442772061	4043280	4043280	4361637.0	1.0	0.6293103448275862	73	73	116.0
pool	259	evo_1048963.035	0.3308869587340847	0.9251757929418686	14904504	4931706	5330561.0	0.3424657534246575	0.625	73	25	40.0
pool	298	1285_AY	0.2537908276978903	0.9246598762526245	14651022	3718295	4021257.0	0.1724137931034483	0.5882352941176471	58	10	17.0
pool	183	1220_G	0.9530708889603856	0.9240724744445603	5948994	5669813	6135680.0	0.8426966292134831	0.39267015706806285	89	75	191.0
pool	373	1035945	1.0	0.9235908261289427	2617703	2617703	2834267.0	1.0	0.7870370370370371	85	85	108.0
pool	86	1053046	0.9584550118485128	0.9227650315352873	5179975	4964773	5380322.0	0.8	0.7692307692307693	25	20	26.0
pool	70	1036665	0.9725653202199392	0.9219370664453386	2668010	2594814	2814524.0	0.9210526315789473	0.7608695652173914	38	35	46.0
pool	83	1030956	0.9983912945626634	0.9211503452250124	3874544	3868311	4199435.0	0.9883720930232558	0.7083333333333334	86	85	120.0
pool	203	1287_BZ	0.9927763480212893	0.920554047583593	6357726	6311800	6856523.0	0.972972972972973	0.4311377245508982	74	72	167.0
pool	379	1053043	0.9793734352916869	0.9199446512978081	4549570	4455728	4843474.0	0.9523809523809523	0.6349206349206349	42	40	63.0
pool	348	1030947	0.9015560164450948	0.9181999451672053	9528434	8590417	9355715.0	0.8873239436619719	0.6774193548387096	71	63	93.0
pool	39	1030710	0.9931264569025222	0.9181131459537101	4247882	4218684	4594950.0	0.9666666666666667	0.5272727272727272	30	29	55.0
pool	94	1285_BL	1.0	0.9176269059457784	4122638	4122638	4492717.0	1.0	0.5789473684210527	33	33	57.0
pool	437	1287_B	1.0	0.9161486608532343	6228444	6228444	6798508.0	1.0	0.5327102803738317	57	57	107.0
pool	410	1036773	0.9868456879346752	0.9151464602610826	2761832	2725502	2978214.0	0.9473684210526315	0.72	19	18	25.0
pool	96	1287_CD	0.3335229422998813	0.9148587578785075	10820515	3608890	3944751.0	0.35714285714285715	0.6	42	15	25.0
pool	430	1286_H	0.9822811988442767	0.9127808163750003	4687281	4604228	5044177.0	0.8333333333333334	0.4166666666666667	24	20	48.0
pool	206	1139_V	0.5000972540735729	0.9122177789188333	7794018	3897767	4272847.0	0.5	0.375	18	9	24.0
pool	294	1036752	0.9958036382436608	0.912202309549567	3531869	3517048	3855557.0	0.9777777777777777	0.7394957983193278	90	88	119.0
pool	249	1286_CC	0.7924286235166402	0.912091716660545	5076567	4022817	4410540.0	0.8840579710144928	0.61	69	61	100.0
pool	261	1030911	0.9850529735914638	0.9120668520001979	1852810	1825116	2001077.0	0.9272727272727272	0.7083333333333334	55	51	72.0
pool	144	1220_D	0.47637502010620186	0.9093769608578289	15567336	7415890	8154913.0	0.4440789473684211	0.5152671755725191	304	135	262.0
pool	313	1021_S	0.26575842515967346	0.9089876063308004	18689082	4966781	5464080.0	0.0653950953678474	0.34782608695652173	367	24	69.0
pool	333	1030761	0.95818001533151	0.9074457975741299	2871211	2751137	3031737.0	0.9354838709677419	0.6304347826086957	31	29	46.0
pool	331	1036779	0.9971508315399774	0.9056455766396956	4851240	4837418	5341403.0	0.9807692307692307	0.6071428571428571	52	51	84.0
pool	9	1021_AR	0.31951367376365575	0.9044759324002698	12945302	4136201	4573036.0	0.13725490196078433	0.23333333333333334	51	7	30.0
pool	360	1139_BE	0.7339721676854746	0.9013700586380587	7842826	5756416	6386296.0	0.6402877697841727	0.6489583333333333	1946	1246	1920.0
pool	178	1048990	0.7201681517565208	0.9007275915276063	4095824	2949682	3274777.0	0.5714285714285714	0.36363636363636365	14	8	22.0
pool	264	1139_Q	0.3429356396901883	0.9007012380404428	17360482	5953528	6609881.0	0.36065573770491804	0.38596491228070173	122	44	114.0
pool	197	1286_Q	0.21709655012323795	0.8999967582846714	24809321	5386018	5984486.0	0.09990749306197964	0.484304932735426	1081	108	223.0
pool	395	1030929	0.9652488812301729	0.899758407759605	5465378	5275450	5863185.0	0.6846846846846847	0.8444444444444444	111	76	90.0
pool	166	1048786	0.9111893079231257	0.8995741386294774	4939957	4501236	5003741.0	0.896551724137931	0.4126984126984127	58	52	126.0
pool	191	1021_A	0.9831621993343622	0.8993787383916486	2666916	2622011	2915358.0	0.9565217391304348	0.5	23	22	44.0
pool	75	1285_Z	0.29370962529861044	0.8983096466627838	11920212	3501081	3897410.0	0.09917355371900827	0.2926829268292683	121	12	41.0
pool	440	1030704	1.0	0.8952909456257299	2773982	2773982	3098414.0	1.0	0.4838709677419355	15	15	31.0
pool	281	1220_AH	0.794426411679512	0.8952236238822489	4895410	3889043	4344214.0	0.8181818181818182	0.5625	33	27	48.0
pool	367	1036593	1.0	0.8934710750918177	3839096	3839096	4296833.0	1.0	0.7241379310344828	21	21	29.0
pool	154	1036551	1.0	0.8893797750066638	2769413	2769413	3113870.0	1.0	0.5333333333333333	24	24	45.0
pool	129	1036650	1.0	0.8877888339486881	4415946	4415946	4974095.0	1.0	0.43137254901960786	44	44	102.0
pool	392	1036776	0.9415987844933293	0.8874251271163337	2298959	2164697	2439301.0	0.7532467532467533	0.6105263157894737	77	58	95.0
pool	105	1048765	1.0	0.8870475983142516	3227104	3227104	3638028.0	1.0	0.5	26	26	52.0
pool	80	1048957	0.9770416856426736	0.8863360584141243	3767916	3681411	4153516.0	0.9810126582278481	0.7635467980295566	158	155	203.0
pool	38	1048948	0.86877201987263	0.8862192421514455	3943313	3425840	3865680.0	0.46875	0.47619047619047616	64	30	63.0
pool	231	1139_AS	0.6984013377206001	0.8857936325019764	7984926	5576683	6295691.0	0.8484848484848485	0.3783783783783784	33	28	74.0
pool	172	1220_F	0.6425371007067284	0.8841593760631249	6504054	4179096	4726632.0	0.16129032258064516	0.625	31	5	8.0
pool	18	1036806	0.9552289206041925	0.8832292109777492	3325629	3176737	3596730.0	0.8214285714285714	0.5348837209302325	28	23	43.0
pool	406	1285_AB	0.34926124569502676	0.8812358962870084	11172253	3902035	4427912.0	0.24	0.46153846153846156	25	6	13.0
pool	74	1287_CK	0.9889306024407839	0.8792686551201867	3233961	3198163	3637299.0	0.9642857142857143	0.574468085106383	28	27	47.0
pool	351	1220_AI	0.24944967035619933	0.8778102312456909	29062127	7249538	8258662.0	0.06930693069306931	0.6774193548387096	1212	84	124.0
pool	204	1036617	0.974430168701902	0.8773790349943013	2600682	2534183	2888356.0	0.8	0.8333333333333334	25	20	24.0
pool	324	1285_CM	1.0	0.8764283605833613	5139510	5139510	5864153.0	1.0	0.5405405405405406	40	40	74.0
pool	236	evo_1036662.016	0.33772099974736997	0.875027023647971	9947353	3359430	3839230.0	0.31746031746031744	0.35714285714285715	63	20	56.0
pool	209	1139_BN	0.3400927892235275	0.8740763170760789	14182897	4823501	5518398.0	0.3488372093023256	0.38461538461538464	43	15	39.0
pool	66	1285_AW	1.0	0.8713749921518842	3844408	3844408	4411887.0	1.0	0.2558139534883721	22	22	86.0
pool	343	1049002	0.9947943259340074	0.8685803195935639	4295121	4272762	4919248.0	0.9583333333333334	0.26744186046511625	24	23	86.0
pool	436	1287_AA	1.0	0.8672358890341176	5607255	5607255	6465663.0	1.0	0.5407407407407407	73	73	135.0
pool	243	1036584	0.9219096975341633	0.8653155723871391	2922578	2694353	3113723.0	0.7441860465116279	0.48484848484848486	43	32	66.0
pool	161	1048954	0.8124454320948747	0.86302119891139	4823119	3918521	4540469.0	0.3877551020408163	0.4418604651162791	98	38	86.0
pool	288	evo_1048975.026	0.2518130678480029	0.8608968682178277	15349398	3865179	4489712.0	0.3125	0.5128205128205128	128	40	78.0
pool	247	1287_CI	0.38183639570016986	0.8596041689746413	11440824	4368523	5082017.0	0.4	0.37037037037037035	50	20	54.0
pool	119	1285_C	0.8786798673772848	0.8555872643052779	3898578	3425602	4003802.0	0.8949579831932774	0.6635514018691588	238	213	321.0
pool	149	1285_Y	0.15767414744903815	0.8499041986675601	26770863	4221073	4966528.0	0.09821428571428571	0.2972972972972973	224	22	74.0
pool	357	1021_L	1.0	0.8491314272892334	4450308	4450308	5241012.0	1.0	0.3170731707317073	26	26	82.0
pool	84	1285_K	0.9367533483137169	0.8485305621340932	5051050	4731588	5576214.0	0.7297297297297297	0.28125	37	27	96.0
pool	435	1286_AM	1.0	0.8468740663678005	6525268	6525268	7705122.0	1.0	0.3564356435643564	36	36	101.0
pool	92	evo_1036686.032	0.21011259706292382	0.8451873892130045	18667272	3922229	4640662.0	0.22058823529411764	0.5660377358490566	136	30	53.0
pool	325	1286_L	0.4907966666037465	0.8439961189511568	8741235	4290169	5083162.0	0.43333333333333335	0.22807017543859648	30	13	57.0
pool	276	1220_M	0.7490718847257588	0.8438715721687967	5937840	4447869	5270789.0	0.5652173913043478	0.7471264367816092	115	65	87.0
pool	441	1021_AH	0.4760310977032558	0.8437121391061198	10212587	4861509	5762047.0	0.052478134110787174	0.20224719101123595	343	18	89.0
pool	305	1139_CB	0.5125110992134733	0.8405443905011446	11096507	5687083	6765952.0	0.48484848484848486	0.3902439024390244	66	32	82.0
pool	33	1048768	0.9978153058109307	0.8403608581844116	2810462	2804322	3337045.0	0.9841269841269841	0.5794392523364486	63	62	107.0
pool	179	1286_CQ	0.736831034145387	0.8378745740583936	4701660	3464329	4134663.0	0.7575757575757576	0.4807692307692308	33	25	52.0
pool	428	1036572	0.9953436142887406	0.8373700856360957	2416896	2405642	2872854.0	0.9767441860465116	0.525	43	42	80.0
pool	23	1139_AC	1.0	0.8370442479265854	4477271	4477271	5348906.0	1.0	0.29508196721311475	18	18	61.0
pool	375	1286_T	0.2549431347310596	0.8360137854242949	15479044	3946276	4720348.0	0.6993243243243243	0.6097201767304861	592	414	679.0
pool	297	1286_BF	0.2537708267364625	0.8341148023549201	16257708	4125732	4946240.0	0.06766917293233082	0.36	133	9	25.0
pool	133	1030749	0.672702607780091	0.827104406044645	5364256	3608549	4362870.0	0.4583333333333333	0.7021276595744681	72	33	47.0
pool	412	1139_AZ	0.4739149726838673	0.8252252045603421	13208861	6259877	7585659.0	0.4166666666666667	0.3225806451612903	48	20	62.0
pool	414	1048924	0.27853919634023305	0.8251453400831149	14952646	4164898	5047472.0	0.23404255319148937	0.55	47	11	20.0
pool	382	1286_AV	0.5198804776105103	0.8243886702930872	6178926	3212303	3896588.0	0.5454545454545454	0.375	11	6	16.0
pool	150	1285_G	0.9709878494088733	0.8216629994906411	4078567	3960239	4819785.0	0.9259259259259259	0.4098360655737705	27	25	61.0
pool	335	1048903	0.9934836002061462	0.8216108657501349	4439568	4410638	5368281.0	0.9473684210526315	0.5294117647058824	19	18	34.0
pool	222	1139_BY	0.9042382248404477	0.8208459251874899	6017307	5441079	6628624.0	0.8333333333333334	0.38461538461538464	24	20	52.0
pool	208	1030794	0.5648222731912618	0.8168604006035057	13620033	7692898	9417641.0	0.6785714285714286	0.5135135135135135	28	19	37.0
pool	188	1036713	0.9909315937694897	0.8149002021941455	3614086	3581312	4394786.0	0.9789473684210527	0.5705521472392638	95	93	163.0
pool	416	evo_1030827.025	0.263788264650629	0.8124689615874432	14010320	3695758	4548799.0	0.23885714285714285	0.6238805970149254	875	209	335.0
pool	260	1220_CC	0.9735398278739256	0.8025744679202461	5638890	5489684	6840093.0	0.8461538461538461	0.22448979591836735	13	11	49.0
pool	132	1021_AZ	0.2204778654507224	0.7980098573518222	26013473	5735395	7187123.0	0.20833333333333334	0.2912621359223301	144	30	103.0
pool	352	1139_BD	0.4896510623204634	0.7974585978217246	8728722	4274028	5359561.0	0.48717948717948717	0.4523809523809524	39	19	42.0
pool	425	1220_AK	0.9850762682402228	0.7899873028739448	3664566	3609877	4569538.0	0.926829268292683	0.4222222222222222	41	38	90.0
pool	164	1286_AJ	1.0	0.7869630958615403	2586174	2586174	3286271.0	1.0	0.5333333333333333	32	32	60.0
pool	171	1285_AP	0.8248622910926005	0.778928970673167	3732874	3079107	3953001.0	0.8778625954198473	0.5693069306930693	131	115	202.0
pool	349	1287_BV	0.5969291079295845	0.778303662170775	6055374	3614629	4644240.0	0.4827586206896552	0.3783783783783784	29	14	37.0
pool	389	1285_CL	0.3223072789685517	0.777799497114827	8123335	2618210	3366176.0	0.2727272727272727	0.3333333333333333	11	3	9.0
pool	217	1030734	0.982143086170228	0.7768122468431726	3976443	3905436	5027516.0	0.926605504587156	0.4156378600823045	109	101	243.0
pool	145	1285_AI	0.20091770253272467	0.7762473722283989	19894464	3997150	5149325.0	0.13903743315508021	0.25742574257425743	187	26	101.0
pool	185	1220_U	0.4357009259849807	0.7758384750515107	10787216	4700000	6057962.0	0.4576271186440678	0.3333333333333333	59	27	81.0
pool	327	1030833	0.3505984684889763	0.7730847349331657	12120187	4249319	5496576.0	0.5148514851485149	0.5416666666666666	101	52	96.0
pool	99	evo_1220_W.025	0.2501588356750768	0.7719938979055444	14892750	3725553	4825884.0	0.21951219512195122	0.2571428571428571	41	9	35.0
pool	321	1048927	0.45529475589358814	0.7664947496151232	8302158	3779929	4931448.0	0.2	0.6	15	3	5.0
pool	347	1286_AC	0.729948240996774	0.7626971244308731	5741803	4191219	5495260.0	0.3403141361256545	0.644361833952912	1528	520	807.0
pool	167	1030845	1.0	0.7619957024553948	5049776	5049776	6627040.0	1.0	0.4017094017094017	47	47	117.0
pool	273	1139_CI	0.3351679442639336	0.7611293679097865	11950036	4005269	5262271.0	0.3559322033898305	0.30434782608695654	59	21	69.0
pool	120	1220_BK	0.2508081402427014	0.7574287592205112	11220206	2814119	3715358.0	0.12121212121212122	0.2857142857142857	33	4	14.0
pool	101	1287_C	1.0	0.7554187137953942	3126008	3126008	4138113.0	1.0	0.37254901960784315	19	19	51.0
pool	143	1286_AB	1.0	0.7482457181216395	3588038	3588038	4795267.0	1.0	0.3333333333333333	14	14	42.0
pool	374	1139_BT	0.2168194002589406	0.7445493125776046	17923802	3886228	5219571.0	0.10810810810810811	0.12121212121212122	37	4	33.0
pool	303	1220_H	0.5164223924512527	0.7401496524579799	9702484	5010580	6769685.0	0.5	0.45	108	54	120.0
pool	201	1285_AF	0.352234305199948	0.7398539598747582	14142853	4981598	6733218.0	0.3283582089552239	0.4	67	22	55.0
pool	87	1287_Y	1.0	0.7375625298994041	2974052	2974052	4032271.0	1.0	0.375	12	12	32.0
pool	173	1285_CJ	0.339937402773718	0.7176459970696962	9076121	3085313	4299213.0	0.4230769230769231	0.29333333333333333	52	22	75.0
pool	196	1030839	1.0	0.7174605136009802	4552038	4552038	6344653.0	1.0	0.20967741935483872	26	26	124.0
pool	177	1287_AV	0.2712449377396212	0.7136792479817832	10117269	2744258	3845226.0	0.28125	0.391304347826087	32	9	23.0
pool	219	1220_CK	0.39465401187874327	0.7098117629427447	7224670	2851245	4016903.0	0.34413965087281795	0.7840909090909091	401	138	176.0
pool	55	1048918	0.6247402088533787	0.7075339459714706	6389267	3991632	5641612.0	0.6666666666666666	0.2891566265060241	36	24	83.0
pool	320	1049059	0.2577818162017003	0.694379105475933	11606288	2991890	4308727.0	0.06354515050167224	0.4418604651162791	299	19	43.0
pool	13	1285_BE	0.36152926148416104	0.6943212543188506	9044261	3269765	4709297.0	0.5454545454545454	0.2608695652173913	11	6	23.0
pool	272	1036581	0.9885740730512805	0.6914341404789347	2770191	2738539	3960665.0	0.9555555555555556	0.39090909090909093	45	43	110.0
pool	326	1285_CH	0.15220595090396655	0.6910760465656626	19521740	2971325	4299563.0	0.04891304347826087	0.32142857142857145	184	9	28.0
pool	398	1048933	0.5530379499811356	0.68777257061596	5764825	3188167	4635496.0	0.42105263157894735	0.23529411764705882	19	8	34.0
pool	198	1287_CM	0.9570530473242649	0.6827153254761774	4540229	4345240	6364644.0	0.9411764705882353	0.23880597014925373	17	16	67.0
pool	34	1021_R	0.1750443058921945	0.6744564914110751	29897265	5233346	7759353.0	0.14204545454545456	0.176056338028169	176	25	142.0
pool	121	1285_BY	0.7154227014936189	0.6623265558455832	4043267	2892645	4367400.0	0.6363636363636364	0.25925925925925924	11	7	27.0
pool	287	1030818	0.9973620322258887	0.6604418081936286	2816183	2808754	4252841.0	0.9850746268656716	0.4230769230769231	67	66	156.0
pool	77	1286_AG	0.3557363268998808	0.647676227871532	8484506	3018247	4660117.0	0.2903225806451613	0.28125	31	9	32.0
pool	40	1030857	0.9664212829902801	0.6450366232802301	3616785	3495338	5418821.0	0.8125	0.45614035087719296	32	26	57.0
pool	356	1285_BU	0.5248229390195224	0.640856847084413	5784589	3035885	4737228.0	0.6515151515151515	0.3346303501945525	132	86	257.0
pool	238	1139_BO	0.41929166386802313	0.6408230191494693	7667405	3214879	5016797.0	0.4838709677419355	0.2727272727272727	31	15	55.0
pool	8	1049047	0.8733345308385595	0.6381509410919676	2321493	2027440	3177054.0	0.7333333333333333	0.39285714285714285	15	11	28.0
pool	64	1365_E	0.7511419018603865	0.6305977861363374	4378660	3288995	5215678.0	0.45454545454545453	0.43103448275862066	55	25	58.0
pool	423	1030731	1.0	0.6224343323249072	1906634	1906634	3063189.0	1.0	0.5238095238095238	11	11	21.0
pool	280	1220_BC	0.4221574659678132	0.6223401667074255	14057501	5934479	9535748.0	0.29411764705882354	0.14285714285714285	34	10	70.0
pool	146	evo_1052962.015	0.12999836718390084	0.6205544787656077	12897962	1676714	2701961.0	0.12582781456953643	0.30158730158730157	151	19	63.0
pool	227	1286_CJ	1.0	0.5970758796890281	4086902	4086902	6844862.0	1.0	0.22169811320754718	47	47	212.0
pool	383	1286_CL	0.8398974902535882	0.5900014415570992	2066145	1735350	2941264.0	0.8461538461538461	0.275	13	11	40.0
pool	350	1139_CC	0.5606911557031229	0.5717122649572267	3418101	1916499	3352209.0	0.3333333333333333	0.2631578947368421	15	5	19.0
pool	330	1286_CE	0.5363643756273975	0.563478295454384	5177141	2776834	4928023.0	0.5	0.15789473684210525	12	6	38.0
pool	147	1139_U	0.7713873180920019	0.552920319067603	4527426	3492399	6316279.0	0.7391304347826086	0.2236842105263158	23	17	76.0
pool	91	1285_N	0.31776086010504584	0.5387546724453749	11064695	3515927	6526026.0	0.2916666666666667	0.25609756097560976	72	21	82.0
pool	299	1048864	0.9785299242603641	0.5375901172222162	4455131	4359479	8109299.0	0.96	0.6153846153846154	25	24	39.0
pool	29	1220_L	0.4906828379844389	0.5339034180869889	11682742	5732521	10737000.0	0.36419753086419754	0.44360902255639095	162	59	133.0
pool	394	1030719	0.2308159881045274	0.5269457451915771	9991028	2306089	4376331.0	0.2459016393442623	0.22727272727272727	61	15	66.0
pool	237	evo_1052962.028	0.17620895001491102	0.5152008891384428	7581641	1335953	2593072.0	0.28846153846153844	0.1724137931034483	52	15	87.0
pool	391	evo_1220_Q.021	0.19689482836284963	0.5091147580587365	12158877	2394020	4702319.0	0.20967741935483872	0.2653061224489796	62	13	49.0
pool	6	evo_1030719.003	0.13562100725422904	0.5036842266607585	18657117	2530297	5023578.0	0.12	0.2727272727272727	150	18	66.0
pool	176	1287_BL	0.32652041550393923	0.4939925816410935	6666796	2176845	4406635.0	0.3	0.13636363636363635	10	3	22.0
pool	275	evo_1220_Q.019	0.19936675686280766	0.47315776004078475	11656818	2323982	4911643.0	0.19298245614035087	0.22448979591836735	57	11	49.0
pool	253	1287_BR	0.0878690424625689	0.4723127897241822	30895022	2714716	5747708.0	0.021953896816684963	0.25	911	20	80.0
pool	139	1285_CO	0.8013070008581519	0.4255372724210378	2528690	2026257	4761644.0	0.8484848484848485	0.42424242424242425	33	28	66.0
pool	37	1287_AT	0.30659541359213455	0.4112674505668903	8991612	2756787	6703149.0	0.32	0.1038961038961039	50	16	154.0
pool	411	1285_E	0.32231984444033224	0.3933994340818936	5074323	1635555	4157492.0	0.2222222222222222	0.2222222222222222	18	4	18.0
pool	47	1285_AO	0.257177121755326	0.3810215339172809	6965954	1791484	4701792.0	0.25	0.07462686567164178	20	5	67.0
pool	409	1286_CG	0.531937653719568	0.3750370096370346	2693216	1432623	3819951.0	0.6	0.125	5	3	24.0
pool	336	1286_CG	0.38705437602734316	0.3706550162554441	3658101	1415884	3819951.0	0.5	0.20833333333333334	10	5	24.0
pool	323	1220_BV	0.9520872157276631	0.364157347508236	2713639	2583621	7094793.0	0.6470588235294118	0.12222222222222222	17	11	90.0
pool	5	1048930	0.30583962224982375	0.35763360631674757	5154306	1576391	4407838.0	0.3333333333333333	0.14285714285714285	9	3	21.0
pool	130	1030857	0.9006385548750508	0.32858254590804903	1976964	1780530	5418821.0	0.7692307692307693	0.3508771929824561	26	20	57.0
pool	339	1220_AP	0.16823072470752154	0.3029091070281649	9545575	1605859	5301455.0	0.1686746987951807	0.2857142857142857	83	14	49.0
pool	284	1220_AL	0.43302718729659956	0.2972023875424715	3192594	1382480	4651645.0	0.46153846153846156	0.24	26	12	50.0
pool	334	1220_W	0.3431455333029019	0.2832481567425303	3938906	1351618	4771851.0	0.17857142857142858	0.14285714285714285	28	5	35.0
pool	157	1030818		0.2762995371799698	1575544	1175058	4252841.0		0.21794871794871795	43	34	156.0
pool	265	1220_BC	0.35491720426544476	0.2718208367083526	7303154	2592015	9535748.0	0.18181818181818182	0.11428571428571428	44	8	70.0
pool	250	1287_BU	0.4743803790192434	0.2626838036698367	2188596	1038227	3952383.0	0.09090909090909091	0.05555555555555555	11	1	18.0
pool	7	1021_AI	0.2819402716522583	0.26159639115539557	4779640	1347573	5151344.0	0.26229508196721313	0.3137254901960784	61	16	51.0
pool	148	evo_1030719.037	0.10884264956880031	0.21227840051769098	8704088	947376	4462894.0	0.09859154929577464	0.11475409836065574	71	7	61.0
pool	131	1285_G		0.16456273464480262	793157	793157	4819785.0		0.18032786885245902	11	11	61.0
pool	310	1030839		0.15896598285201727	1166810	1008584	6344653.0		0.1532258064516129	29	19	124.0
pool	2	evo_1030719.009	0.11905017681845913	0.14236250206600573	5976186	711466	4997566.0	0.09302325581395349	0.06451612903225806	43	4	62.0
pool	118	1286_BK		0.13333325494963652	1498500	567011	4252585.0		0.08108108108108109	14	3	37.0
pool	181	1220_AQ	0.10701332786269713	0.12884976425794517	5283968	565455	4388483.0	0.04081632653061224	0.04878048780487805	49	2	41.0
pool	368	1052956	0.14250397231601303	0.11884632965786796	2094496	298474	2511428.0	0.13664596273291926	0.5116279069767442	161	22	43.0
pool	137	1048975	0.25074209711949336	0.09777989618601123	1735285	435109	4449882.0	0.23076923076923078	0.140625	39	9	64.0
pool	403	evo_1030827.033	0.2494806708213001	0.09361143448888233	1677645	418540	4471035.0	0.24324324324324326	0.05217391304347826	74	18	345.0
pool	158	evo_1030719.005	0.11728666022771277	0.06703552781673458	2900057	340138	5073996.0	0.09333333333333334	0.09090909090909091	75	7	77.0
pool	117	1036671		0.028726641634976707	166317	76538	2664356.0		0.019230769230769232	12	2	104.0
pool	369	evo_1030719.017		0.02840369871710647	1076243	133814	4711147.0		0.03278688524590164	18	2	61.0
pool	221	evo_1030719.005		0.0261744392388169	1035008	132809	5073996.0		0.03896103896103896	21	3	77.0
pool	182	1030827		0.025387658412994722	532302	111737	4401233.0		0.031746031746031744	67	12	378.0
pool	432	evo_1030719.003		0.02435037337929261	1150400	122326	5023578.0		0.045454545454545456	38	3	66.0
pool	295	1048918		0.02165232206681353	228586	122154	5641612.0		0.0963855421686747	19	8	83.0
pool	199	1036662		0.01997102699403169	362883	73810	3695854.0		0.16666666666666666	41	10	60.0
pool	32	1286_CJ		0.01980302889963304	690049	135549	6844862.0		0.06132075471698113	63	13	212.0
pool	115	1053043		0.019787656545694268	466129	95841	4843474.0		0.09523809523809523	29	6	63.0
pool	103	evo_1036569.020		0.01917944302377965	643938	61434	3203117.0		0.08695652173913043	31	2	23.0
pool	279	evo_1030827.033		0.01768919277080139	305146	79089	4471035.0		0.014492753623188406	20	5	345.0
pool	380	1036776		0.017508704337841047	160619	42709	2439301.0		0.042105263157894736	9	4	95.0
pool	69	1030827		0.01707635110433826	275585	75157	4401233.0		0.037037037037037035	54	14	378.0
pool	422	evo_1030719.013		0.016309956026399477	495883	78791	4830853.0		0.018691588785046728	13	2	107.0
pool	345	1021_AI		0.0149262017834569	525263	76890	5151344.0		0.0392156862745098	16	2	51.0
pool	111	1139_S		0.01373764713482719	618553	110789	8064627.0		0.0189873417721519	20	3	158.0
pool	365	1035975		0.013588330753824467	311894	85391	6284142.0		0.015384615384615385	11	1	65.0
pool	4	1030824		0.01304382989812863	44070	27579	2114333.0		0.09615384615384616	16	10	104.0
pool	328	1030917		0.012696033039857755	164743	37787	2976284.0		0.03571428571428571	12	2	56.0
pool	413	1052983		0.012681735088258782	238784	64253	5066578.0		0.0321285140562249	38	8	249.0
pool	123	evo_1052962.024		0.01266771703055949	183924	32394	2557209.0		0.12698412698412698	44	8	63.0
pool	424	evo_1052962.017		0.012648426876210641	196253	33178	2623093.0		0.07936507936507936	33	5	63.0
pool	53	1036632		0.011374255103901163	240988	47727	4196055.0		0.15	20	6	40.0
pool	59	evo_1052962.017		0.009774338919740931	163807	25639	2623093.0		0.06349206349206349	26	4	63.0
pool	258	evo_1030827.033		0.00959911966692276	166755	42918	4471035.0		0.017391304347826087	24	6	345.0
pool	116	evo_1030719.028		0.009525685421951527	336598	42703	4482932.0		0.016129032258064516	9	1	62.0
pool	152	evo_1036569.014		0.007296162579008734	169223	22828	3128768.0		0.17391304347826086	30	4	23.0
pool	135	evo_1030719.017		0.007252798522313144	288571	34169	4711147.0		0.03278688524590164	19	2	61.0
pool	162	1220_M		0.007212392679729733	228574	38015	5270789.0		0.022988505747126436	13	2	87.0
pool	113	evo_1030719.037		0.007124749097782739	323303	31797	4462894.0		0.03278688524590164	19	2	61.0
pool	277	1049026		0.007100636861553952	79582	23639	3329138.0		0.21212121212121213	19	7	33.0
pool	377	evo_1030719.009		0.006259447098847719	353056	31282	4997566.0		0.016129032258064516	12	1	62.0
pool	174	evo_1030827.038		0.00612205981113147	102702	25844	4221455.0		0.013850415512465374	20	5	361.0
pool	239	1030815		0.006040586878521674	193787	21504	3559919.0		0.06349206349206349	16	4	63.0
pool	165	1052989		0.004998527747127069	170344	24530	4907445.0		0.0038314176245210726	8	1	261.0
pool	180	evo_1052962.024		0.00482752876280351	61255	12345	2557209.0		0.07936507936507936	25	5	63.0
pool	230	1287_CG		0.00476239807735065	377873	31444	6602556.0		0.1	139	9	90.0
pool	283	1285_Y		0.004622343818458287	315601	22957	4966528.0		0.013513513513513514	16	1	74.0
pool	442	1021_BE		0.004463730550468285	209402	23152	5186693.0		0.007633587786259542	12	1	131.0
pool	340	1285_BS		0.004455341863394891	232104	23762	5333373.0		0.00819672131147541	12	1	122.0
pool	291	1287_Y		0.004245746379645614	314754	17120	4032271.0		0.03125	19	1	32.0
pool	309	1285_AI		0.0038053531288081447	217115	19595	5149325.0		0.019801980198019802	21	2	101.0
pool	79	evo_1030719.036		0.0033378855095993905	160779	14753	4419864.0		0.01639344262295082	11	1	61.0
pool	163	1139_AS		0.0031942482564662083	534918	20110	6295691.0		0.013513513513513514	29	1	74.0
pool	42	1139_Q		0.00210835868300806	52316	13936	6609881.0		0.02631578947368421	11	3	114.0
pool	19	1220_R		0.0018836950865862658	53234	10940	5807734.0		0.047619047619047616	32	4	84.0
pool	387	1052956		0.0018499435380986435	37952	4646	2511428.0		0.06976744186046512	27	3	43.0
pool	12	1030710		0.0018211297184953046	65182	8368	4594950.0		0.05454545454545454	19	3	55.0
pool	214	1285_AE		0.0014525473497589972	66697	7341	5053880.0		0.02197802197802198	19	2	91.0
pool	229	evo_1030719.017		0.001445507856154775	74014	6810	4711147.0		0.03278688524590164	22	2	61.0
pool	46	1220_BQ		0.0012869242857611648	688449	7765	6033766.0		0.015625	279	3	192.0
pool	28	1285_CC		0.0011970495697289187	30568	3447	2879580.0		0.013157894736842105	13	1	76.0
pool	322	1139_P		0.0011790358208275454	32118	8284	7026080.0		0.005813953488372093	13	1	172.0
pool	420	1021_AH		0.0009819427019599112	469425	5658	5762047.0		0.011235955056179775	86	1	89.0
pool	263	evo_1030719.017		0.0006418819026449398	32827	3024	4711147.0		0.01639344262295082	11	1	61.0
pool	232	1220_CK		0.0006360621603260024	167697	2555	4016903.0		0.005681818181818182	116	1	176.0
pool		1286_AN		0.0	0	0	3533256.0		0.0	0	0	19.0
pool		1220_CI		0.0	0	0	3544923.0		0.0	0	0	28.0
pool		1287_P		0.0	0	0	3754388.0		0.0	0	0	8.0
pool		1220_BP		0.0	0	0	5916138.0		0.0	0	0	223.0
pool		1286_BJ		0.0	0	0	5868298.0		0.0	0	0	58.0
pool		1139_BM		0.0	0	0	4787236.0		0.0	0	0	57.0
pool		1365_O		0.0	0	0	5892554.0		0.0	0	0	38.0
pool		1021_Q		0.0	0	0	5434924.0		0.0	0	0	47.0
pool		1139_BC		0.0	0	0	5269559.0		0.0	0	0	40.0
pool		evo_1048975.035		0.0	0	0	4527439.0		0.0	0	0	65.0
pool		1287_AW		0.0	0	0	4714683.0		0.0	0	0	98.0
pool		evo_1030719.021		0.0	0	0	4758244.0		0.0	0	0	64.0
pool		1220_AV		0.0	0	0	4691739.0		0.0	0	0	57.0
pool		1139_BH		0.0	0	0	4449724.0		0.0	0	0	47.0
pool		1220_Q		0.0	0	0	4828649.0		0.0	0	0	50.0
pool		1285_CB		0.0	0	0	5040230.0		0.0	0	0	141.0
pool		1286_AL		0.0	0	0	5256614.0		0.0	0	0	108.0
pool		1285_BJ		0.0	0	0	3933177.0		0.0	0	0	44.0
pool		1220_CH		0.0	0	0	7580532.0		0.0	0	0	139.0
pool		1286_E		0.0	0	0	5747837.0		0.0	0	0	76.0
pool		evo_1052956.019		0.0	0	0	2583493.0		0.0	0	0	47.0
pool		1286_BE		0.0	0	0	3541971.0		0.0	0	0	10.0
pool		1285_AV		0.0	0	0	5013129.0		0.0	0	0	61.0
pool		1220_BM		0.0	0	0	8252076.0		0.0	0	0	122.0
pool		1139_G		0.0	0	0	6216231.0		0.0	0	0	79.0
pool		1287_AG		0.0	0	0	3865273.0		0.0	0	0	24.0
pool		1287_BF		0.0	0	0	5139341.0		0.0	0	0	67.0
pool		1287_AO		0.0	0	0	5863944.0		0.0	0	0	88.0
pool		1285_M		0.0	0	0	5200449.0		0.0	0	0	64.0
pool		1285_BZ		0.0	0	0	5523706.0		0.0	0	0	128.0
pool		1139_CK		0.0	0	0	6569816.0		0.0	0	0	81.0
pool		1048963		0.0	0	0	5264539.0		0.0	0	0	36.0
pool		1139_CP		0.0	0	0	5262480.0		0.0	0	0	78.0
pool		1052962		0.0	0	0	2504935.0		0.0	0	0	94.0
pool		1285_AG		0.0	0	0	5312559.0		0.0	0	0	65.0
pool		evo_1048987.039		0.0	0	0	3009458.0		0.0	0	0	38.0
pool		1285_AM		0.0	0	0	4699406.0		0.0	0	0	79.0
pool		1286_N		0.0	0	0	3599646.0		0.0	0	0	23.0
pool		1287_O		0.0	0	0	5489893.0		0.0	0	0	35.0
pool		1021_N		0.0	0	0	7891629.0		0.0	0	0	121.0
pool		1286_CN		0.0	0	0	4980070.0		0.0	0	0	98.0
pool		1286_I		0.0	0	0	4462938.0		0.0	0	0	69.0
pool		1285_BA		0.0	0	0	4392776.0		0.0	0	0	9.0
pool		1285_AR		0.0	0	0	5668097.0		0.0	0	0	136.0
pool		1286_BH		0.0	0	0	5536190.0		0.0	0	0	91.0
pool		1285_T		0.0	0	0	3734711.0		0.0	0	0	14.0
pool		1286_AR		0.0	0	0	4708725.0		0.0	0	0	125.0
pool		1286_A		0.0	0	0	3423756.0		0.0	0	0	11.0
pool		1021_M		0.0	0	0	5854787.0		0.0	0	0	51.0
pool		1286_AU		0.0	0	0	4533054.0		0.0	0	0	22.0
pool		1049065		0.0	0	0	3769298.0		0.0	0	0	32.0
pool		evo_1048975.038		0.0	0	0	4492770.0		0.0	0	0	64.0
pool		1030746		0.0	0	0	3547923.0		0.0	0	0	2.0
pool		1053010		0.0	0	0	7479360.0		0.0	0	0	38.0
pool		1287_BM		0.0	0	0	4782583.0		0.0	0	0	52.0
pool		1285_BQ		0.0	0	0	7472383.0		0.0	0	0	72.0
pool		1287_AN		0.0	0	0	7584207.0		0.0	0	0	70.0
pool		1287_F		0.0	0	0	5808966.0		0.0	0	0	43.0
pool		evo_1048972.019		0.0	0	0	3013812.0		0.0	0	0	115.0
pool		1052980		0.0	0	0	4908221.0		0.0	0	0	245.0
pool		1220_BU		0.0	0	0	9082290.0		0.0	0	0	189.0
pool		1021_F		0.0	0	0	5010610.0		0.0	0	0	52.0
pool		1286_CM		0.0	0	0	3804290.0		0.0	0	0	14.0
pool		1139_CD		0.0	0	0	6848441.0		0.0	0	0	126.0
pool		1285_CP		0.0	0	0	6528023.0		0.0	0	0	71.0
pool		1139_M		0.0	0	0	4998990.0		0.0	0	0	44.0
pool		1285_AH		0.0	0	0	3127048.0		0.0	0	0	11.0
pool		1285_X		0.0	0	0	4001535.0		0.0	0	0	30.0
pool		1139_R		0.0	0	0	6582214.0		0.0	0	0	67.0
pool		1048915		0.0	0	0	5643120.0		0.0	0	0	16.0
pool		evo_1036569.038		0.0	0	0	3386954.0		0.0	0	0	28.0
pool		1285_I		0.0	0	0	3378248.0		0.0	0	0	24.0
pool		1021_G		0.0	0	0	6251331.0		0.0	0	0	87.0
pool		1139_F		0.0	0	0	4162808.0		0.0	0	0	23.0
pool		1021_AN		0.0	0	0	7733870.0		0.0	0	0	135.0
pool		1220_BH		0.0	0	0	6540465.0		0.0	0	0	85.0
pool		1365_B		0.0	0	0	3440670.0		0.0	0	0	30.0
pool		1139_CG		0.0	0	0	7308131.0		0.0	0	0	114.0
pool		1285_BG		0.0	0	0	3344694.0		0.0	0	0	7.0
pool		1021_U		0.0	0	0	5815714.0		0.0	0	0	60.0
pool		evo_1048969.022		0.0	0	0	3530958.0		0.0	0	0	89.0
pool		1285_O		0.0	0	0	5684790.0		0.0	0	0	98.0
pool		evo_1036569.002		0.0	0	0	3128277.0		0.0	0	0	23.0
pool		1021_T		0.0	0	0	3465574.0		0.0	0	0	14.0
pool		1285_AZ		0.0	0	0	4201623.0		0.0	0	0	10.0
pool		1021_I		0.0	0	0	7482256.0		0.0	0	0	98.0
pool		1053052		0.0	0	0	5074685.0		0.0	0	0	249.0
pool		1286_AZ		0.0	0	0	3764595.0		0.0	0	0	29.0
pool		evo_1036569.028		0.0	0	0	3336954.0		0.0	0	0	28.0
pool		1030893		0.0	0	0	2925450.0		0.0	0	0	9.0
pool		1048972		0.0	0	0	2997087.0		0.0	0	0	27.0
pool		1220_BL		0.0	0	0	6060169.0		0.0	0	0	81.0
pool		1286_AW		0.0	0	0	3609363.0		0.0	0	0	18.0
pool		evo_1036686.005		0.0	0	0	4246250.0		0.0	0	0	48.0
pool		1139_O		0.0	0	0	2637439.0		0.0	0	0	10.0
pool		1285_F		0.0	0	0	3943376.0		0.0	0	0	14.0
pool		1286_BL		0.0	0	0	3332762.0		0.0	0	0	20.0
pool		1286_U		0.0	0	0	4001074.0		0.0	0	0	37.0
pool		1285_W		0.0	0	0	4744273.0		0.0	0	0	51.0
pool		1286_BN		0.0	0	0	4000292.0		0.0	0	0	39.0
pool		1036686		0.0	0	0	4591985.0		0.0	0	0	50.0
pool		1139_C		0.0	0	0	6521026.0		0.0	0	0	106.0
pool		1286_CA		0.0	0	0	5316856.0		0.0	0	0	93.0
pool		1139_CA		0.0	0	0	4365427.0		0.0	0	0	54.0
pool		1286_BY		0.0	0	0	3938615.0		0.0	0	0	34.0
pool		1287_BG		0.0	0	0	4784426.0		0.0	0	0	27.0
pool		1139_AP		0.0	0	0	5219205.0		0.0	0	0	37.0
pool		1286_C		0.0	0	0	4312366.0		0.0	0	0	30.0
pool		evo_1048969.002		0.0	0	0	3668521.0		0.0	0	0	86.0
pool		1021_Y		0.0	0	0	5533966.0		0.0	0	0	51.0
pool		evo_1048963.038		0.0	0	0	5299365.0		0.0	0	0	36.0
pool		1053007		0.0	0	0	7310196.0		0.0	0	0	66.0
pool		evo_1036569.031		0.0	0	0	3372290.0		0.0	0	0	28.0
pool		1049211		0.0	0	0	3547012.0		0.0	0	0	18.0
pool		1286_AA		0.0	0	0	3783235.0		0.0	0	0	16.0
pool		1220_T		0.0	0	0	5811062.0		0.0	0	0	35.0
pool		1365_I		0.0	0	0	3611219.0		0.0	0	0	6.0
pool		1220_K		0.0	0	0	3874974.0		0.0	0	0	3.0
pool		1048909		0.0	0	0	5643643.0		0.0	0	0	14.0
pool		1286_BO		0.0	0	0	5029833.0		0.0	0	0	65.0
pool		1048888		0.0	0	0	8637167.0		0.0	0	0	41.0
pool		1139_AJ		0.0	0	0	5518083.0		0.0	0	0	41.0
pool		1048900		0.0	0	0	5188649.0		0.0	0	0	30.0
pool		1287_CP		0.0	0	0	4568973.0		0.0	0	0	29.0
pool		1286_AH		0.0	0	0	3944725.0		0.0	0	0	28.0
pool		1285_Q		0.0	0	0	5243722.0		0.0	0	0	102.0
pool		1021_H		0.0	0	0	7479763.0		0.0	0	0	93.0
pool		1285_CA		0.0	0	0	3243076.0		0.0	0	0	23.0
pool		1286_CB		0.0	0	0	3961278.0		0.0	0	0	13.0
pool		evo_1220_W.003		0.0	0	0	4781739.0		0.0	0	0	32.0
pool		1286_BQ		0.0	0	0	5447694.0		0.0	0	0	112.0
pool		1286_CD		0.0	0	0	5159159.0		0.0	0	0	132.0
pool		1220_BO		0.0	0	0	8285832.0		0.0	0	0	106.0
pool		1285_H		0.0	0	0	3630774.0		0.0	0	0	10.0
pool		evo_1030719.011		0.0	0	0	4838433.0		0.0	0	0	62.0
pool		1287_CH		0.0	0	0	6520128.0		0.0	0	0	108.0
pool		1036674		0.0	0	0	2778771.0		0.0	0	0	40.0
pool		1048987		0.0	0	0	3087021.0		0.0	0	0	38.0
pool		1021_AC		0.0	0	0	5492341.0		0.0	0	0	35.0
pool		1021_BD		0.0	0	0	6216233.0		0.0	0	0	107.0
pool		1220_AB		0.0	0	0	3999571.0		0.0	0	0	27.0
pool		1220_Y		0.0	0	0	3604941.0		0.0	0	0	21.0
pool		1285_BX		0.0	0	0	3246333.0		0.0	0	0	12.0
pool		1285_AQ		0.0	0	0	4404946.0		0.0	0	0	100.0
pool		evo_1036686.006		0.0	0	0	4259603.0		0.0	0	0	47.0
pool		1139_BZ		0.0	0	0	5095657.0		0.0	0	0	49.0
pool		1286_AS		0.0	0	0	4213272.0		0.0	0	0	62.0
pool		1285_CR		0.0	0	0	4190901.0		0.0	0	0	43.0
pool		evo_1036662.017		0.0	0	0	3800028.0		0.0	0	0	56.0
pool		1220_B		0.0	0	0	5152746.0		0.0	0	0	46.0
pool		1139_I		0.0	0	0	4869525.0		0.0	0	0	32.0
pool		evo_1052956.020		0.0	0	0	2544999.0		0.0	0	0	42.0
pool		1285_BB		0.0	0	0	3945713.0		0.0	0	0	20.0
pool		1285_BC		0.0	0	0	4270100.0		0.0	0	0	67.0
pool		1021_AE		0.0	0	0	7717063.0		0.0	0	0	133.0
pool		1287_G		0.0	0	0	7719546.0		0.0	0	0	127.0
pool		1220_BW		0.0	0	0	3594566.0		0.0	0	0	8.0
pool		evo_1036686.021		0.0	0	0	4393264.0		0.0	0	0	49.0
pool		evo_1052956.014		0.0	0	0	2564959.0		0.0	0	0	42.0
pool		1220_BA		0.0	0	0	6432480.0		0.0	0	0	46.0
pool		1285_AJ		0.0	0	0	4021923.0		0.0	0	0	24.0
pool		1139_BU		0.0	0	0	3714038.0		0.0	0	0	59.0
pool		1285_U		0.0	0	0	5008556.0		0.0	0	0	32.0
pool		1285_CN		0.0	0	0	4656265.0		0.0	0	0	60.0
pool		evo_1220_Q.034		0.0	0	0	4725452.0		0.0	0	0	49.0
pool		1220_AA		0.0	0	0	5431258.0		0.0	0	0	89.0
pool		1139_BS		0.0	0	0	3923770.0		0.0	0	0	26.0
pool		1053019		0.0	0	0	7651985.0		0.0	0	0	84.0
pool		1285_CD		0.0	0	0	3367037.0		0.0	0	0	10.0
pool		1286_BG		0.0	0	0	5167125.0		0.0	0	0	61.0
pool		1286_BI		0.0	0	0	4878741.0		0.0	0	0	73.0
pool		1286_AX		0.0	0	0	4142539.0		0.0	0	0	25.0
pool		1139_AN		0.0	0	0	4786366.0		0.0	0	0	46.0
pool		1139_BK		0.0	0	0	4731115.0		0.0	0	0	62.0
pool		1287_AE		0.0	0	0	4266455.0		0.0	0	0	25.0
pool		1139_CM		0.0	0	0	3412031.0		0.0	0	0	6.0
pool		evo_1220_W.027		0.0	0	0	4757622.0		0.0	0	0	34.0
pool		1220_BI		0.0	0	0	8117559.0		0.0	0	0	103.0
pool		evo_1220_Q.030		0.0	0	0	4756148.0		0.0	0	0	48.0
pool		1287_H		0.0	0	0	4042744.0		0.0	0	0	9.0
pool		1052986		0.0	0	0	4932946.0		0.0	0	0	186.0
pool		evo_1048972.034		0.0	0	0	3048076.0		0.0	0	0	29.0
pool		1220_C		0.0	0	0	4391312.0		0.0	0	0	24.0
pool		1048969		0.0	0	0	3851385.0		0.0	0	0	339.0
pool		1285_AT		0.0	0	0	4453687.0		0.0	0	0	35.0
pool		1286_CI		0.0	0	0	4104131.0		0.0	0	0	37.0
pool		1220_AU		0.0	0	0	4898981.0		0.0	0	0	32.0
pool		1139_CE		0.0	0	0	3604947.0		0.0	0	0	37.0
pool		1139_BW		0.0	0	0	5262281.0		0.0	0	0	63.0
pool		1021_BA		0.0	0	0	4427657.0		0.0	0	0	57.0
pool		1220_BT		0.0	0	0	4067179.0		0.0	0	0	12.0
pool		1286_AK		0.0	0	0	4454054.0		0.0	0	0	69.0
pool		1139_BQ		0.0	0	0	6551849.0		0.0	0	0	136.0
pool		1286_V		0.0	0	0	6064551.0		0.0	0	0	22.0
pool		1285_D		0.0	0	0	4107932.0		0.0	0	0	20.0
pool		1286_CR		0.0	0	0	4218784.0		0.0	0	0	27.0
pool		1139_J		0.0	0	0	4494273.0		0.0	0	0	32.0
pool		1287_I		0.0	0	0	4692173.0		0.0	0	0	57.0
pool		1139_AH		0.0	0	0	5629557.0		0.0	0	0	88.0
pool		1048912		0.0	0	0	5615200.0		0.0	0	0	12.0
pool		1053013		0.0	0	0	7376694.0		0.0	0	0	23.0
