sample_id	Taxon ID	Scientific name	Taxonomic rank	Purity (bp)	Completeness (bp)	Predicted size (bp)	True positives (bp)	True size (bp)	Purity (seq)	Completeness (seq)	Predicted size (seq)	True positives (seq)	True size (seq)
pool	2157	Archaea	superkingdom	1.0	0.02052149848163581	475794	475794	23185149.0	1.0	0.014705882352941176	8	8	544.0
pool	2	Bacteria	superkingdom	0.9971338609563363	0.01763343034531818	49025535	48885021	2772292177.0	0.9882179675994109	0.016373840897999023	679	671	40980.0
pool	2759	Eukaryota	superkingdom			739	0				1	0	
pool	203691	Spirochaetes	phylum	1.0	0.08415013562300624	422913	422913	5025696.0	1.0	0.014084507042253521	1	1	71.0
pool	40117	Nitrospirae	phylum	1.0	0.04431468458374343	93696	93696	2114333.0	1.0	0.009615384615384616	1	1	104.0
pool	74201	Verrucomicrobia	phylum	1.0	0.026016277482288658	427433	427433	16429445.0	1.0	0.031496062992125984	4	4	127.0
pool	976	Bacteroidetes	phylum	0.9998401693103031	0.0214752110384402	6350470	6349455	295664382.0	0.9824561403508771	0.015542603386067166	57	56	3603.0
pool	28890	Euryarchaeota	phylum	1.0	0.02052149848163581	475794	475794	23185149.0	1.0	0.014705882352941176	8	8	544.0
pool	201174	Actinobacteria	phylum	0.9992362585406954	0.016883405570274877	10871480	10863177	643423328.0	0.9912280701754386	0.014169278996865204	114	113	7975.0
pool	1224	Proteobacteria	phylum	0.9976139979636474	0.016454563089191205	25087992	25028132	1521045066.0	0.9972451790633609	0.015512512855673637	363	362	23336.0
pool	1239	Firmicutes	phylum	0.9846663081706308	0.01578586051331948	4319899	4253659	269460065.0	0.9384615384615385	0.012375735443294785	65	61	4929.0
pool	200918	Thermotogae	phylum		0.006074566120010442	37000	37000	6090970.0		0.007936507936507936	1	1	126.0
pool	32066	Fusobacteria	phylum		0.0051228189961808925	34123	34123	6660981.0		0.006741573033707865	3	3	445.0
pool	4890	Ascomycota	phylum			739	0				1	0	
pool	544448	Tenericutes	phylum		0.002434791359119308	7549	7549	3100471.0		0.008771929824561403	1	1	114.0
pool	65842	Fibrobacteres	phylum		0.0	0	0	3277440.0		0.0	0	0	150.0
pool	203693	Nitrospira	class	1.0	0.04431468458374343	93696	93696	2114333.0	1.0	0.009615384615384616	1	1	104.0
pool	117743	Flavobacteriia	class	1.0	0.02882850926844411	4064300	4064300	140981969.0	1.0	0.01631578947368421	31	31	1900.0
pool	203494	Verrucomicrobiae	class	1.0	0.026016277482288658	427433	427433	16429445.0	1.0	0.031496062992125984	4	4	127.0
pool	183963	Halobacteria	class	1.0	0.02052149848163581	475794	475794	23185149.0	1.0	0.014705882352941176	8	8	544.0
pool	200643	Bacteroidia	class	1.0	0.019037724406904297	311292	311292	16351324.0	1.0	0.012285012285012284	5	5	407.0
pool	28216	Betaproteobacteria	class	1.0	0.018598281694403956	4718006	4718006	253679672.0	1.0	0.013066202090592335	45	45	3444.0
pool	28211	Alphaproteobacteria	class	1.0	0.017073641524326357	14237044	14237044	833861012.0	1.0	0.015258108725445408	167	167	10945.0
pool	1760	Actinobacteria	class	0.9992259365603596	0.016733017852283275	10726511	10718208	640542435.0	0.9911504424778761	0.014112903225806451	113	112	7936.0
pool	91061	Bacilli	class	1.0	0.013176856302705155	1537685	1537685	116695892.0	1.0	0.010431484115694643	22	22	2109.0
pool	768503	Cytophagia	class	1.0	0.012841806820392468	999885	999885	77861707.0	1.0	0.01	8	8	800.0
pool	1236	Gammaproteobacteria	class	0.9817057256250035	0.011327926800747266	3272062	3212202	283564862.0	0.99	0.014820359281437125	100	99	6680.0
pool	186801	Clostridia	class	0.9295739307485013	0.009273543529757788	1287279	1196621	129036004.0	0.8333333333333334	0.010912265386294195	30	25	2291.0
pool	28221	Deltaproteobacteria	class	1.0	0.007361136071405817	1090321	1090321	148118577.0	1.0	0.00816326530612245	18	18	2205.0
pool	203490	Fusobacteriia	class		0.0051228189961808925	34123	34123	6660981.0		0.006741573033707865	3	3	445.0
pool	147550	Sordariomycetes	class			739	0				1	0	
pool	203692	Spirochaetia	class	1.0	0.08415013562300624	422913	422913	5025696.0	1.0	0.014084507042253521	1	1	71.0
pool	84998	Coriobacteriia	class	1.0	0.05032085537366365	144969	144969	2880893.0	1.0	0.02564102564102564	1	1	39.0
pool	909932	Negativicutes	class	1.0	0.03849841429512998	336329	336329	8736178.0	1.0	0.019230769230769232	3	3	156.0
pool	117747	Sphingobacteriia	class	1.0	0.018415632326162293	574486	574486	31195562.0	1.0	0.011869436201780416	4	4	337.0
pool	188708	Thermotogae	class		0.006074566120010442	37000	37000	6090970.0		0.007936507936507936	1	1	126.0
pool	1737404	Tissierellia	class		0.0038503224821839874	57724	57724	14991991.0		0.005361930294906166	2	2	373.0
pool	31969	Mollicutes	class		0.002434791359119308	7549	7549	3100471.0		0.008771929824561403	1	1	114.0
pool	204430	Fibrobacteria	class		0.0	0	0	3277440.0		0.0	0	0	150.0
pool	29547	Epsilonproteobacteria	class		0.0	0	0	1820943.0		0.0	0	0	62.0
pool	1853228	Chitinophagia	class		0.0	0	0	29273820.0		0.0	0	0	159.0
pool	189778	Nitrospirales	order	1.0	0.04431468458374343	93696	93696	2114333.0	1.0	0.009615384615384616	1	1	104.0
pool	48461	Verrucomicrobiales	order	1.0	0.026016277482288658	427433	427433	16429445.0	1.0	0.031496062992125984	4	4	127.0
pool	200644	Flavobacteriales	order	1.0	0.02099367756737743	2959730	2959730	140981969.0	1.0	0.015789473684210527	30	30	1900.0
pool	2235	Halobacteriales	order	1.0	0.0201902088272109	468113	468113	23185149.0	1.0	0.012867647058823529	7	7	544.0
pool	213462	Syntrophobacterales	order	1.0	0.019735287720170514	307306	307306	15571397.0	1.0	0.007905138339920948	2	2	253.0
pool	80840	Burkholderiales	order	1.0	0.01781924762935617	4238121	4238121	237839503.0	1.0	0.012833168805528134	39	39	3039.0
pool	204457	Sphingomonadales	order	1.0	0.017402512585013328	3047846	3047846	175138273.0	1.0	0.011180992313067784	16	16	1431.0
pool	72274	Pseudomonadales	order	1.0	0.016286449812320625	1846741	1846741	113391256.0	1.0	0.01700352903432788	53	53	3117.0
pool	356	Rhizobiales	order	0.9984790915047105	0.015602868088693343	8069519	8057246	516395188.0	0.991304347826087	0.014898065865133299	115	114	7652.0
pool	171549	Bacteroidales	order	1.0	0.015547807606281041	183506	183506	11802693.0	1.0	0.013029315960912053	4	4	307.0
pool	85006	Micrococcales	order	0.9457453127366382	0.014939382007363349	4483373	4240129	283822249.0	0.9642857142857143	0.00910010111223458	28	27	2967.0
pool	768507	Cytophagales	order	1.0	0.012841806820392468	999885	999885	77861707.0	1.0	0.01	8	8	800.0
pool	204441	Rhodospirillales	order	1.0	0.012693771387769502	279712	279712	22035374.0	1.0	0.007263922518159807	3	3	413.0
pool	91347	Enterobacterales	order	0.8685643520876881	0.009468972318769808	455432	395572	41775600.0	0.9333333333333333	0.008484848484848486	15	14	1650.0
pool	186802	Clostridiales	order	0.9254539997615396	0.009298563732918807	1216135	1125477	121037725.0	0.8148148148148148	0.01044138585666825	27	22	2107.0
pool	204455	Rhodobacterales	order	1.0	0.007826618730350943	516024	516024	65931920.0	1.0	0.01368421052631579	13	13	950.0
pool	85007	Corynebacteriales	order	1.0	0.0062752064285718015	492629	492629	78504031.0	1.0	0.01160541586073501	6	6	517.0
pool	135614	Xanthomonadales	order	1.0	0.005510388409232675	498043	498043	90382558.0	1.0	0.01342882721575649	15	15	1117.0
pool	2037	Actinomycetales	order	0.0		458762	0		0.0		28	0	
pool	203491	Fusobacteriales	order		0.0051228189961808925	34123	34123	6660981.0		0.006741573033707865	3	3	445.0
pool	135623	Vibrionales	order		0.004196946396990025	62856	62856	14976603.0		0.017114914425427872	7	7	409.0
pool	1644055	Haloferacales	order			7681	0				1	0	
pool	5125	Hypocreales	order			739	0				1	0	
pool	186826	Lactobacillales	order	1.0	0.027365560497863897	311204	311204	11372104.0	1.0	0.014534883720930232	5	5	344.0
pool	85011	Streptomycetales	order	1.0	0.013713623543990848	913967	913967	66646645.0	1.0	0.01195079086115993	34	34	2845.0
pool	1385	Bacillales	order	1.0	0.011644862222387975	1226481	1226481	105323788.0	1.0	0.009631728045325779	17	17	1765.0
pool	213118	Desulfobacterales	order	1.0	0.001278585852962891	92057	92057	71999076.0	1.0	0.005194805194805195	6	6	1155.0
pool	84999	Coriobacteriales	order	0.0		144969	0		0.0		1	0	
pool	136	Spirochaetales	order	1.0	0.08415013562300624	422913	422913	5025696.0	1.0	0.014084507042253521	1	1	71.0
pool	1843489	Veillonellales	order	1.0	0.04073538231348036	118593	118593	2911302.0	1.0	0.02631578947368421	2	2	76.0
pool	909929	Selenomonadales	order	1.0	0.037380366552009006	217736	217736	5824876.0	1.0	0.0125	1	1	80.0
pool	85010	Pseudonocardiales	order	1.0	0.02873022031525245	2476071	2476071	86183502.0	1.0	0.011976047904191617	6	6	501.0
pool	1970189	Marinilabiliales	order	1.0	0.02809328784858565	127786	127786	4548631.0	1.0	0.01	1	1	100.0
pool	204458	Caulobacterales	order	1.0	0.024822822305641416	1349375	1349375	54360257.0	1.0	0.01603206412825651	8	8	499.0
pool	85009	Propionibacteriales	order	1.0	0.01872654558903721	1825909	1825909	97503781.0	1.0	0.008092485549132947	7	7	865.0
pool	200666	Sphingobacteriales	order	1.0	0.018415632326162293	574486	574486	31195562.0	1.0	0.011869436201780416	4	4	337.0
pool	206389	Rhodocyclales	order		0.009419117801303388	86211	86211	9152768.0		0.006993006993006993	2	2	286.0
pool	53433	Halanaerobiales	order		0.0091648032929294	26006	26006	2837595.0		0.018518518518518517	1	1	54.0
pool	68295	Thermoanaerobacterales	order		0.008412450752652168	43414	43414	5160684.0		0.007692307692307693	1	1	130.0
pool	135624	Aeromonadales	order		0.008286848232003626	53035	53035	6399900.0		0.018518518518518517	3	3	162.0
pool	1643682	Geodermatophilales	order		0.0076438452920152425	69781	69781	9129044.0		0.021505376344086023	2	2	93.0
pool	213115	Desulfovibrionales	order	1.0	0.0062626365008979805	332042	332042	53019523.0	1.0	0.008486562942008486	6	6	707.0
pool	135619	Oceanospirillales	order		0.004124681259894781	51531	51531	12493329.0		0.006134969325153374	1	1	163.0
pool	2085	Mycoplasmatales	order		0.002434791359119308	7549	7549	3100471.0		0.008771929824561403	1	1	114.0
pool	1737405	Tissierellales	order		0.00026878341312052637	1918	1918	7135857.0		0.006711409395973154	1	1	149.0
pool	2419	Thermotogales	order		0.0	37000	0	3779772.0		0.0	1	0	38.0
pool	85012	Streptosporangiales	order		0.0	0	0	9355715.0		0.0	0	0	93.0
pool	1643947	Petrotogales	order		0.0	0	0	2311198.0		0.0	0	0	88.0
pool	1643822	Eggerthellales	order		0.0	0	0	2880893.0		0.0	0	0	39.0
pool	213849	Campylobacterales	order		0.0	0	0	1820943.0		0.0	0	0	62.0
pool	218872	Fibrobacterales	order		0.0	0	0	3277440.0		0.0	0	0	150.0
pool	72273	Thiotrichales	order		0.0	0	0	4145616.0		0.0	0	0	62.0
pool	622452	Kineosporiales	order		0.0	0	0	3851283.0		0.0	0	0	34.0
pool	206351	Neisseriales	order		0.0	0	0	6687401.0		0.0	0	0	119.0
pool	85014	Glycomycetales	order		0.0	0	0	5546185.0		0.0	0	0	21.0
pool	69541	Desulfuromonadales	order		0.0	0	0	7528581.0		0.0	0	0	90.0
pool	1853229	Chitinophagales	order		0.0	0	0	29273820.0		0.0	0	0	159.0
pool	189779	Nitrospiraceae	family	1.0	0.04431468458374343	93696	93696	2114333.0	1.0	0.009615384615384616	1	1	104.0
pool	203557	Verrucomicrobiaceae	family	1.0	0.035297969821492275	427433	427433	12109280.0	1.0	0.0380952380952381	4	4	105.0
pool	543	Enterobacteriaceae	family	0.6211609250962092	0.026449323332793054	430312	267293	10105854.0	0.07142857142857142	0.014705882352941176	14	1	68.0
pool	49546	Flavobacteriaceae	family	1.0	0.020924902815054314	2950034	2950034	140981969.0	1.0	0.014736842105263158	28	28	1900.0
pool	80864	Comamonadaceae	family	1.0	0.013008821822863274	2213439	2213439	170149075.0	1.0	0.008559201141226819	18	18	2103.0
pool	119045	Methylobacteriaceae	family	1.0	0.010630407757489814	1729068	1729068	162653027.0	1.0	0.01190146692499308	43	43	3613.0
pool	85025	Nocardiaceae	family	0.993628064933246	0.009374515883502589	492629	489490	52214963.0	0.8333333333333334	0.01483679525222552	6	5	337.0
pool	563798	Cyclobacteriaceae	family	1.0	0.008081894238856534	197685	197685	24460231.0	1.0	0.005952380952380952	2	2	336.0
pool	32033	Xanthomonadaceae	family	1.0	0.005816302317303543	482726	482726	82995342.0	1.0	0.013397129186602871	14	14	1045.0
pool	188709	Thermotogaceae	family			37000	0				1	0	
pool	84107	Coriobacteriaceae	family	0.0		144969	0		0.0		1	0	
pool	33958	Lactobacillaceae	family	1.0	0.030826049485300152	199477	199477	6471053.0	1.0	0.009852216748768473	2	2	203.0
pool	76892	Caulobacteraceae	family	1.0	0.024822822305641416	1349375	1349375	54360257.0	1.0	0.01603206412825651	8	8	499.0
pool	75682	Oxalobacteraceae	family	1.0	0.020989362043492412	898097	898097	42788199.0	1.0	0.010954616588419406	7	7	639.0
pool	1853232	Hymenobacteraceae	family	1.0	0.020574557197537847	188268	188268	9150525.0	1.0	0.012195121951219513	1	1	82.0
pool	85023	Microbacteriaceae	family	1.0	0.020339321673726696	3964278	3964278	194907090.0	1.0	0.008291873963515755	15	15	1809.0
pool	2236	Halobacteriaceae	family	1.0	0.0201902088272109	468113	468113	23185149.0	1.0	0.012867647058823529	7	7	544.0
pool	82115	Rhizobiaceae	family	1.0	0.01810827719564672	4224920	4224920	233314299.0	1.0	0.014666666666666666	44	44	3000.0
pool	41297	Sphingomonadaceae	family	0.9962968518484644	0.01616453379264862	2733350	2723228	168469319.0	0.9333333333333333	0.010174418604651164	15	14	1376.0
pool	41294	Bradyrhizobiaceae	family	1.0	0.015506234251033686	463273	463273	29876564.0	1.0	0.01195219123505976	3	3	251.0
pool	186822	Paenibacillaceae	family	1.0	0.01478776249612739	913493	913493	61773578.0	1.0	0.011002444987775062	9	9	818.0
pool	135621	Pseudomonadaceae	family	1.0	0.01405361268724696	1536704	1536704	109345834.0	1.0	0.016812156482379565	52	52	3093.0
pool	2062	Streptomycetaceae	family	1.0	0.013713623543990848	913967	913967	66646645.0	1.0	0.01195079086115993	34	34	2845.0
pool	433	Acetobacteraceae	family	1.0	0.012693771387769502	279712	279712	22035374.0	1.0	0.007263922518159807	3	3	413.0
pool	31979	Clostridiaceae	family	1.0	0.010189134804698389	513182	513182	50365611.0	1.0	0.012239902080783354	10	10	817.0
pool	186814	Thermoanaerobacteraceae	family		0.008412450752652168	43414	43414	5160684.0		0.007692307692307693	1	1	130.0
pool	85030	Geodermatophilaceae	family		0.0076438452920152425	69781	69781	9129044.0		0.021505376344086023	2	2	93.0
pool	31989	Rhodobacteraceae	family	1.0	0.0070759352981075024	466530	466530	65931920.0	1.0	0.011578947368421053	11	11	950.0
pool	186817	Bacillaceae	family	1.0	0.0066382242242731555	272413	272413	41037029.0	1.0	0.0043859649122807015	4	4	912.0
pool	1268	Micrococcaceae	family	1.0	0.006353216213938604	275851	275851	43419111.0	1.0	0.013729977116704805	12	12	874.0
pool	203492	Fusobacteriaceae	family		0.0051228189961808925	34123	34123	6660981.0		0.006741573033707865	3	3	445.0
pool	69277	Phyllobacteriaceae	family	1.0	0.004576634444909656	167351	167351	36566390.0	1.0	0.0055248618784530384	2	2	362.0
pool	641	Vibrionaceae	family		0.004196946396990025	62856	62856	14976603.0		0.017114914425427872	7	7	409.0
pool	1644056	Haloferacaceae	family			7681	0				1	0	
pool	468	Moraxellaceae	family	1.0	0.07663897610681902	310037	310037	4045422.0	1.0	0.041666666666666664	1	1	24.0
pool	171552	Prevotellaceae	family	1.0	0.030118687079124337	105536	105536	3504004.0	1.0	0.018518518518518517	2	2	108.0
pool	2070	Pseudonocardiaceae	family	1.0	0.02873022031525245	2476071	2476071	86183502.0	1.0	0.011976047904191617	6	6	501.0
pool	85015	Nocardioidaceae	family	1.0	0.01872654558903721	1825909	1825909	97503781.0	1.0	0.008092485549132947	7	7	865.0
pool	45401	Hyphomicrobiaceae	family	1.0	0.01736079656139023	635864	635864	36626430.0	1.0	0.008130081300813009	2	2	246.0
pool	89373	Cytophagaceae	family	1.0	0.015537509969846553	613932	613932	39512895.0	1.0	0.014164305949008499	5	5	353.0
pool	84642	Aeromonadaceae	family		0.013662267128964348	51036	51036	3735544.0		0.034482758620689655	2	2	58.0
pool	84566	Sphingobacteriaceae	family	1.0	0.01078015520284584	336293	336293	31195562.0	1.0	0.008902077151335312	3	3	337.0
pool	90964	Staphylococcaceae	family		0.009460122450392551	23775	23775	2513181.0		0.02857142857142857	1	1	35.0
pool	53434	Halobacteroidaceae	family		0.0091648032929294	26006	26006	2837595.0		0.018518518518518517	1	1	54.0
pool	186807	Peptococcaceae	family	1.0	0.00419643089426161	103073	103073	24562063.0	1.0	0.011933174224343675	5	5	419.0
pool	2092	Mycoplasmataceae	family		0.002434791359119308	7549	7549	3100471.0		0.008771929824561403	1	1	114.0
pool	1775411	Rhodanobacteraceae	family		0.002073446884455524	15317	15317	7387216.0		0.013888888888888888	1	1	72.0
pool	213119	Desulfobacteraceae	family		0.001428178419865941	79916	79916	55956594.0		0.0048543689320388345	4	4	824.0
pool	83763	Succinivibrionaceae	family		0.0007502751133857487	1999	1999	2664356.0		0.009615384615384616	1	1	104.0
pool	85016	Cellulomonadaceae	family	0.0		243244	0		0.0		1	0	
pool	119060	Burkholderiaceae	family	1.0	0.09663517348218167	656975	656975	6798508.0	1.0	0.018691588785046728	2	2	107.0
pool	137	Spirochaetaceae	family	1.0	0.08415013562300624	422913	422913	5025696.0	1.0	0.014084507042253521	1	1	71.0
pool	31977	Veillonellaceae	family	1.0	0.04073538231348036	118593	118593	2911302.0	1.0	0.02631578947368421	2	2	76.0
pool	1843491	Selenomonadaceae	family	1.0	0.037380366552009006	217736	217736	5824876.0	1.0	0.0125	1	1	80.0
pool	558415	Marinilabiliaceae	family	1.0	0.02809328784858565	127786	127786	4548631.0	1.0	0.01	1	1	100.0
pool	28256	Halomonadaceae	family		0.013037828450504526	51531	51531	3952422.0		0.019230769230769232	1	1	52.0
pool	2008794	Zoogloeaceae	family		0.010506483055767974	51481	51481	4899927.0		0.007692307692307693	1	1	130.0
pool	194924	Desulfovibrionaceae	family	1.0	0.004081395361952326	206259	206259	50536393.0	1.0	0.00727802037845706	5	5	687.0
pool	186804	Peptostreptococcaceae	family		0.0024724151791160384	15261	15261	6172507.0		0.010526315789473684	1	1	95.0
pool	1903409	Erwiniaceae	family		0.0011038917236904525	25120	25120	22755855.0		0.0006793478260869565	1	1	1472.0
pool	255475	Aurantimonadaceae	family		0.0010670168548203907	14294	14294	13396227.0		0.006493506493506494	1	1	154.0
pool	1570339	Peptoniphilaceae	family		0.0009490773958266325	1918	1918	2020910.0		0.03125	1	1	32.0
pool	171551	Porphyromonadaceae	family		0.00024165030990912036	1061	1061	4390642.0		0.006666666666666667	1	1	150.0
pool	506	Alcaligenaceae	family		1.9443516611861176e-05	352	352	18103721.0		0.005263157894736842	1	1	190.0
pool	75787	Rhodocyclaceae	family		0.0	34730	0	4252841.0		0.0	1	0	156.0
pool	85034	Glycomycetaceae	family		0.0	0	0	5546185.0		0.0	0	0	21.0
pool	213116	Desulfomicrobiaceae	family		0.0	0	0	2483130.0		0.0	0	0	20.0
pool	186806	Eubacteriaceae	family		0.0	0	0	5159885.0		0.0	0	0	146.0
pool	72294	Campylobacteraceae	family		0.0	0	0	1820943.0		0.0	0	0	62.0
pool	200667	Flammeovirgaceae	family		0.0	0	0	4738056.0		0.0	0	0	29.0
pool	186803	Lachnospiraceae	family		0.0	0	0	22287488.0		0.0	0	0	376.0
pool	83778	Kineosporiaceae	family		0.0	0	0	3851283.0		0.0	0	0	34.0
pool	1643826	Eggerthellaceae	family		0.0	0	0	2880893.0		0.0	0	0	39.0
pool	145360	Sanguibacteraceae	family		0.0	0	0	4392776.0		0.0	0	0	9.0
pool	135617	Thiotrichaceae	family		0.0	0	0	4145616.0		0.0	0	0	62.0
pool	119043	Rhodobiaceae	family		0.0	0	0	3962251.0		0.0	0	0	26.0
pool	186828	Carnobacteriaceae	family		0.0	0	0	2120985.0		0.0	0	0	55.0
pool	1903410	Pectobacteriaceae	family		0.0	0	0	8913891.0		0.0	0	0	110.0
pool	1648490	Rubritaleaceae	family		0.0	0	0	4320165.0		0.0	0	0	22.0
pool	481	Neisseriaceae	family		0.0	0	0	2324531.0		0.0	0	0	72.0
pool	135620	Oceanospirillaceae	family		0.0	0	0	8540907.0		0.0	0	0	111.0
pool	213121	Desulfobulbaceae	family		0.0	0	0	16042482.0		0.0	0	0	331.0
pool	85021	Intrasporangiaceae	family		0.0	0	0	30879476.0		0.0	0	0	186.0
pool	541000	Ruminococcaceae	family		0.0	0	0	10323195.0		0.0	0	0	158.0
pool	335929	Erythrobacteraceae	family		0.0	0	0	6668954.0		0.0	0	0	55.0
pool	213421	Desulfuromonadaceae	family		0.0	0	0	3960448.0		0.0	0	0	42.0
pool	213465	Syntrophobacteraceae	family		0.0	0	0	15571397.0		0.0	0	0	253.0
pool	1499392	Chromobacteriaceae	family		0.0	0	0	4362870.0		0.0	0	0	47.0
pool	1643950	Fervidobacteriaceae	family		0.0	0	0	3779772.0		0.0	0	0	38.0
pool	2005525	Tannerellaceae	family		0.0	0	0	3908047.0		0.0	0	0	49.0
pool	85017	Promicromonosporaceae	family		0.0	0	0	10223796.0		0.0	0	0	89.0
pool	563835	Chitinophagaceae	family		0.0	0	0	29273820.0		0.0	0	0	159.0
pool	2012	Thermomonosporaceae	family		0.0	0	0	9355715.0		0.0	0	0	93.0
pool	182102	Williamsiaceae	family		0.0	0	0	13974782.0		0.0	0	0	60.0
pool	204431	Fibrobacteraceae	family		0.0	0	0	3277440.0		0.0	0	0	150.0
pool	81852	Enterococcaceae	family		0.0	0	0	2780066.0		0.0	0	0	86.0
pool	1762	Mycobacteriaceae	family		0.0	0	0	12314286.0		0.0	0	0	120.0
pool	68298	Syntrophomonadaceae	family		0.0	0	0	2166976.0		0.0	0	0	96.0
pool	1737406	Tissierellaceae	family		0.0	0	0	5114947.0		0.0	0	0	117.0
pool	213422	Geobacteraceae	family		0.0	0	0	3568133.0		0.0	0	0	48.0
pool	374	Bradyrhizobium	genus	1.0	0.06012532961840189	463273	463273	7705122.0	1.0	0.0297029702970297	3	3	101.0
pool	28261	Thermodesulfovibrio	genus	1.0	0.04431468458374343	93696	93696	2114333.0	1.0	0.009615384615384616	1	1	104.0
pool	2735	Verrucomicrobium	genus	0.0		427433	0		0.0		4	0	
pool	89966	Hymenobacter	genus	1.0	0.020574557197537847	188268	188268	9150525.0	1.0	0.012195121951219513	1	1	82.0
pool	12916	Acidovorax	genus	0.5949365866575459	0.015541853431386043	725084	431379	27755956.0	0.6666666666666666	0.02027027027027027	9	6	296.0
pool	379	Rhizobium	genus	0.9504960316557474	0.014441721660633514	2197642	2088850	144639957.0	0.8571428571428571	0.007194244604316547	14	12	1668.0
pool	33882	Microbacterium	genus	1.0	0.013743509354131479	884301	884301	64343173.0	1.0	0.0107095046854083	8	8	747.0
pool	407	Methylobacterium	genus	1.0	0.010630407757489814	1729068	1729068	162653027.0	1.0	0.01190146692499308	43	43	3613.0
pool	246875	Algoriphagus	genus	1.0	0.009894801321389063	197685	197685	19978673.0	1.0	0.008333333333333333	2	2	240.0
pool	1817	Nocardia	genus	1.0	0.007896594675012419	295640	295640	37438923.0	1.0	0.015748031496062992	4	4	254.0
pool	143222	Salegentibacter	genus	1.0	0.005018941189830271	130736	130736	26048522.0	1.0	0.0030441400304414	2	2	657.0
pool	323620	Shinella	genus			2027	0				3	0	
pool	68	Lysobacter	genus	1.0	0.00467583847947161	225303	225303	48184513.0	1.0	0.0069084628670120895	4	4	579.0
pool	2251	Haloferax	genus			7681	0				1	0	
pool	83618	Pseudoxanthomonas	genus	1.0	0.012799507564157766	133205	133205	10407041.0	1.0	0.028169014084507043	4	4	142.0
pool	286	Pseudomonas	genus	0.9943299899095872	0.010997425962945026	897882	892791	81181815.0	0.967741935483871	0.01597444089456869	31	30	1878.0
pool	13687	Sphingomonas	genus	1.0	0.010836632313174603	1541150	1541150	142216692.0	1.0	0.006514657980456026	8	8	1228.0
pool	68287	Mesorhizobium	genus	1.0	0.00829461503526417	167351	167351	20175861.0	1.0	0.009433962264150943	2	2	212.0
pool	352	Azotobacter	genus		0.002457384779955705	61164	61164	24889875.0		0.0025210084033613447	3	3	1190.0
pool	222	Achromobacter	genus			352	0				1	0	
pool	357	Agrobacterium	genus	0.0		264011	0		0.0		3	0	
pool	28105	Sinorhizobium	genus			4416	0				1	0	
pool	2040	Aeromicrobium	genus	1.0	0.09744515766417094	1122073	1122073	11514918.0	1.0	0.047619047619047616	1	1	21.0
pool	469	Acinetobacter	genus	1.0	0.07663897610681902	310037	310037	4045422.0	1.0	0.041666666666666664	1	1	24.0
pool	1707	Cellulomonas	genus	0.0		243244	0		0.0		1	0	
pool	162289	Peptoniphilus	genus			1918	0				1	0	
pool	157	Treponema	genus	1.0	0.08415013562300624	422913	422913	5025696.0	1.0	0.014084507042253521	1	1	71.0
pool	32008	Burkholderia	genus	1.0	0.07568440016544807	514541	514541	6798508.0	1.0	0.009345794392523364	1	1	107.0
pool	165697	Sphingopyxis	genus	1.0	0.050494936953296335	720930	720930	14277273.0	1.0	0.024390243902439025	2	2	82.0
pool	2034	Curtobacterium	genus	1.0	0.039055353986570805	142056	142056	3637299.0	1.0	0.02127659574468085	1	1	47.0
pool	178469	Arenibacter	genus	1.0	0.03011680624495392	315204	315204	10466050.0	1.0	0.013333333333333334	1	1	75.0
pool	190972	Sedimentibacter	genus		0.01458597152904923	55806	55806	3826005.0		0.007042253521126761	1	1	142.0
pool	107	Spirosoma	genus	0.0		483084	0		0.0		1	0	
pool	1522432	Pseudoduganella	genus			578	0				1	0	
pool	2745	Halomonas	genus		0.013037828450504526	51531	51531	3952422.0		0.019230769230769232	1	1	52.0
pool	59732	Chryseobacterium	genus	1.0	0.012077603942597307	194325	194325	16089698.0	1.0	0.004739336492890996	1	1	211.0
pool	55080	Brevibacillus	genus		0.010539677060187021	68146	68146	6465663.0		0.007407407407407408	1	1	135.0
pool	125216	Roseomonas	genus	1.0	0.010136096796911086	183207	183207	18074709.0	1.0	0.0033003300330033004	1	1	303.0
pool	1481960	Peptoclostridium	genus		0.004774698135893522	15261	15261	3196223.0		0.02564102564102564	1	1	39.0
pool	1839	Nocardioides	genus	1.0	0.003699732570391099	304003	304003	82168912.0	1.0	0.0012195121951219512	1	1	820.0
pool	1562	Desulfotomaculum	genus		0.00042922994184635643	3060	3060	7129046.0		0.007692307692307693	1	1	130.0
pool	33057	Thauera	genus			51481	0				1	0	
pool	338	Xanthomonas	genus		2.253480978068526e-05	234	234	10383935.0		0.010101010101010102	1	1	99.0
pool	1606872	Flavimarina	genus	0.0		143464	0		0.0		1	0	
pool	82373	Anaerovibrio	genus	1.0	0.037380366552009006	217736	217736	5824876.0	1.0	0.0125	1	1	80.0
pool	165301	Lentzea	genus	1.0	0.032110373205383465	566234	566234	17633990.0	1.0	0.0136986301369863	1	1	73.0
pool	1578	Lactobacillus	genus	1.0	0.030826049485300152	199477	199477	6471053.0	1.0	0.009852216748768473	2	2	203.0
pool	838	Prevotella	genus	1.0	0.030118687079124337	105536	105536	3504004.0	1.0	0.018518518518518517	2	2	108.0
pool	75	Caulobacter	genus	1.0	0.02260050467150085	588121	588121	26022472.0	1.0	0.012345679012345678	3	3	243.0
pool	1754	Thermoanaerobacter	genus		0.018038718384252042	43414	43414	2406712.0		0.029411764705882353	1	1	34.0
pool	237	Flavobacterium	genus	1.0	0.01684191456087794	431722	431722	25633784.0	1.0	0.01694915254237288	5	5	295.0
pool	2239	Halobacterium	genus	1.0	0.014018068203917948	325011	325011	23185149.0	1.0	0.007352941176470588	4	4	544.0
pool	129577	Oceanimonas	genus		0.013662267128964348	51036	51036	3735544.0		0.034482758620689655	2	2	58.0
pool	1883	Streptomyces	genus	0.9835938552098195	0.009898863118527947	512369	503963	50911200.0	0.9655172413793104	0.011456628477905073	29	28	2444.0
pool	45669	Salinicoccus	genus		0.009460122450392551	23775	23775	2513181.0		0.02857142857142857	1	1	35.0
pool	1485	Clostridium	genus	1.0	0.006727680669246838	276159	276159	41048173.0	1.0	0.007590132827324478	4	4	527.0
pool	1386	Bacillus	genus	1.0	0.006632765739449608	272189	272189	41037029.0	1.0	0.003289473684210526	3	3	912.0
pool	41275	Brevundimonas	genus	1.0	0.006484611019764501	98521	98521	15193047.0	1.0	0.006756756756756757	1	1	148.0
pool	1663	Arthrobacter	genus	1.0	0.006353216213938604	275851	275851	43419111.0	1.0	0.013729977116704805	12	12	874.0
pool	283735	Leeuwenhoekiella	genus		0.005089562126383956	24070	24070	4729287.0		0.020833333333333332	1	1	48.0
pool	149698	Massilia	genus	1.0	0.004718213637180228	118474	118474	25109927.0	1.0	0.00641025641025641	2	2	312.0
pool	44249	Paenibacillus	genus	1.0	0.0037914826476463633	209699	209699	55307915.0	1.0	0.008784773060029283	6	6	683.0
pool	50709	Acidocella	genus		0.003196685405102426	12661	12661	3960665.0		0.00909090909090909	1	1	110.0
pool	75309	Rhodanobacter	genus		0.002073446884455524	15317	15317	7387216.0		0.013888888888888888	1	1	72.0
pool	662	Vibrio	genus		0.0016914114832848482	47810	16828	9949087.0		0.024096385542168676	5	4	166.0
pool	872	Desulfovibrio	genus		0.0016078981123821992	75294	75294	46827594.0		0.002976190476190476	2	2	672.0
pool	896	Desulfococcus	genus		0.0015082585104255557	78393	78393	51975838.0		0.004005340453938585	3	3	749.0
pool	551	Erwinia	genus		0.0014238327150732759	25120	25120	17642522.0		0.0007047216349541931	1	1	1419.0
pool	836	Porphyromonas	genus		0.00024165030990912036	1061	1061	4390642.0		0.006666666666666667	1	1	150.0
pool	2282741	Desulfofundulus	genus		0.0001628231334906176	1023	1023	6282891.0		0.005555555555555556	1	1	180.0
pool	106591	Ensifer	genus		1.534070372649903e-05	1280	1280	83438154.0		0.00076103500761035	1	1	1314.0
pool	28453	Sphingobacterium	genus	0.0	0.0	179534	0	5863185.0	0.0	0.0	1	0	90.0
pool	355929	Yonghaparkia	genus		0.0	0	0	5244373.0		0.0	0	0	22.0
pool	1111	Porphyrobacter	genus		0.0	0	0	2978214.0		0.0	0	0	25.0
pool	292480	Atopostipes	genus		0.0	0	0	2120985.0		0.0	0	0	55.0
pool	423349	Mucilaginibacter	genus		0.0	0	0	5936951.0		0.0	0	0	46.0
pool	88138	Modestobacter	genus		0.0	0	0	9129044.0		0.0	0	0	93.0
pool	28231	Geobacter	genus		0.0	0	0	3568133.0		0.0	0	0	48.0
pool	57039	Malonomonas	genus		0.0	0	0	3960448.0		0.0	0	0	42.0
pool	416949	Parapedobacter	genus		0.0	0	0	4828298.0		0.0	0	0	30.0
pool	31988	Aminobacter	genus		0.0	0	0	5241012.0		0.0	0	0	82.0
pool	40323	Stenotrophomonas	genus		0.0	0	0	4032271.0		0.0	0	0	32.0
pool	944321	Soonwooa	genus		0.0	0	0	3329138.0		0.0	0	0	33.0
pool	1195766	Planktotalea	genus		0.0	0	0	4153516.0		0.0	0	0	203.0
pool	217140	Arcicella	genus		0.0	0	0	5919827.0		0.0	0	0	103.0
pool	1400058	Hwanghaeicola	genus		0.0	0	0	4540469.0		0.0	0	0	86.0
pool	965	Oceanospirillum	genus		0.0	0	0	3508055.0		0.0	0	0	52.0
pool	875170	Celeribacter	genus		0.0	0	0	3865680.0		0.0	0	0	63.0
pool	906	Megasphaera	genus		0.0	0	0	2911302.0		0.0	0	0	76.0
pool	85413	Bosea	genus		0.0	0	0	17367169.0		0.0	0	0	136.0
pool	136099	Knoellia	genus		0.0	0	0	3604941.0		0.0	0	0	21.0
pool	54293	Thermosyntropha	genus		0.0	0	0	2166976.0		0.0	0	0	96.0
pool	48001	Desulfobotulus	genus		0.0	0	0	3980756.0		0.0	0	0	75.0
pool	1730	Eubacterium	genus		0.0	0	0	2834267.0		0.0	0	0	108.0
pool	69961	Azomonas	genus		0.0	0	0	3274144.0		0.0	0	0	25.0
pool	765413	Pelagicola	genus		0.0	0	0	3642180.0		0.0	0	0	61.0
pool	908626	Angustibacter	genus		0.0	0	0	3851283.0		0.0	0	0	34.0
pool	1030	Thiothrix	genus		0.0	0	0	4145616.0		0.0	0	0	62.0
pool	832	Fibrobacter	genus		0.0	0	0	3277440.0		0.0	0	0	150.0
pool	166953	Kaistia	genus		0.0	0	0	5236188.0		0.0	0	0	18.0
pool	862261	Caldanaerobius	genus		0.0	0	0	2753972.0		0.0	0	0	96.0
pool	142841	Selenihalanaerobacter	genus		0.0	0	0	2837595.0		0.0	0	0	54.0
pool	34072	Variovorax	genus		0.0	0	0	4716816.0		0.0	0	0	44.0
pool	35836	Desulfacinum	genus		0.0	0	0	15571397.0		0.0	0	0	253.0
pool	390805	Geosporobacter	genus		0.0	0	0	3855557.0		0.0	0	0	119.0
pool	898	Desulfomicrobium	genus		0.0	0	0	2483130.0		0.0	0	0	20.0
pool	266808	Thalassobacter	genus		0.0	0	0	3596730.0		0.0	0	0	43.0
pool	36853	Desulfitobacterium	genus		0.0	0	0	5600379.0		0.0	0	0	38.0
pool	747294	Pseudorhodoferax	genus		0.0	0	0	14205601.0		0.0	0	0	127.0
pool	83770	Succinivibrio	genus		0.0	0	0	2664356.0		0.0	0	0	104.0
pool	110932	Leifsonia	genus		0.0	0	0	22604141.0		0.0	0	0	65.0
pool	332157	Larkinella	genus		0.0	0	0	7015325.0		0.0	0	0	41.0
pool	1769729	Hathewaya	genus		0.0	0	0	2814524.0		0.0	0	0	46.0
pool	911	Nitrobacter	genus		0.0	0	0	4804273.0		0.0	0	0	14.0
pool	194	Campylobacter	genus		0.0	0	0	1820943.0		0.0	0	0	62.0
pool	429014	Desulfopila	genus		0.0	0	0	6064646.0		0.0	0	0	103.0
pool	141948	Thermomonas	genus		0.0	0	0	2439301.0		0.0	0	0	95.0
pool	252356	Maribacter	genus		0.0	0	0	9322952.0		0.0	0	0	64.0
pool	283	Comamonas	genus		0.0	0	0	3356089.0		0.0	0	0	77.0
pool	12960	Azoarcus	genus		0.0	0	0	4899927.0		0.0	0	0	130.0
pool	96492	Frigoribacterium	genus		0.0	0	0	23333422.0		0.0	0	0	159.0
pool	1193324	Alkalitalea	genus		0.0	0	0	4548631.0		0.0	0	0	100.0
pool	253255	Soehngenia	genus		0.0	0	0	2001077.0		0.0	0	0	72.0
pool	32257	Kingella	genus		0.0	0	0	2324531.0		0.0	0	0	72.0
pool	1988	Actinomadura	genus		0.0	0	0	9355715.0		0.0	0	0	93.0
pool	79206	Desulfosporosinus	genus		0.0	0	0	5549747.0		0.0	0	0	71.0
pool	643217	Afifella	genus		0.0	0	0	3962251.0		0.0	0	0	26.0
pool	978	Cytophaga	genus		0.0	0	0	4361637.0		0.0	0	0	116.0
pool	53355	Terrabacter	genus		0.0	0	0	14712837.0		0.0	0	0	90.0
pool	28253	Marinomonas	genus		0.0	0	0	5032852.0		0.0	0	0	59.0
pool	414371	Aureimonas	genus		0.0	0	0	8600960.0		0.0	0	0	112.0
pool	334857	Goodfellowiella	genus		0.0	0	0	8767230.0		0.0	0	0	74.0
pool	2422	Fervidobacterium	genus		0.0	0	0	2144384.0		0.0	0	0	27.0
pool	174951	Ramlibacter	genus		0.0	0	0	4584229.0		0.0	0	0	32.0
pool	241189	Hespellia	genus		0.0	0	0	4394786.0		0.0	0	0	163.0
pool	337670	Pilibacter	genus		0.0	0	0	2780066.0		0.0	0	0	86.0
pool	308865	Elizabethkingia	genus		0.0	0	0	4293831.0		0.0	0	0	38.0
pool	86795	Marmoricola	genus		0.0	0	0	3819951.0		0.0	0	0	24.0
pool	361177	Altererythrobacter	genus		0.0	0	0	3690740.0		0.0	0	0	30.0
pool	205889	Albidovulum	genus		0.0	0	0	12119276.0		0.0	0	0	198.0
pool	51194	Desulfofustis	genus		0.0	0	0	4974095.0		0.0	0	0	102.0
pool	553372	Asaccharobacter	genus		0.0	0	0	2880893.0		0.0	0	0	39.0
pool	1273095	Anaerosphaera	genus		0.0	0	0	2020910.0		0.0	0	0	32.0
pool	363408	Nonlabens	genus		0.0	0	0	6451831.0		0.0	0	0	50.0
pool	335058	Pelomonas	genus		0.0	0	0	36491486.0		0.0	0	0	298.0
pool	963	Herbaspirillum	genus		0.0	0	0	6135680.0		0.0	0	0	191.0
pool	160798	Marinitoga	genus		0.0	0	0	2311198.0		0.0	0	0	88.0
pool	245876	Nitratireductor	genus		0.0	0	0	7511489.0		0.0	0	0	16.0
pool	190323	Plantibacter	genus		0.0	0	0	7857866.0		0.0	0	0	29.0
pool	142577	Prauserella	genus		0.0	0	0	27591047.0		0.0	0	0	145.0
pool	83766	Propionivibrio	genus		0.0	0	0	4252841.0		0.0	0	0	156.0
pool	33877	Agromyces	genus		0.0	0	0	36557675.0		0.0	0	0	290.0
pool	2093	Mycoplasma	genus		0.0	0	0	3100471.0		0.0	0	0	114.0
pool	41273	Tissierella	genus		0.0	0	0	3113870.0		0.0	0	0	45.0
pool	53335	Pantoea	genus		0.0	0	0	5113333.0		0.0	0	0	53.0
pool	180162	Cetobacterium	genus		0.0	0	0	2553826.0		0.0	0	0	376.0
pool	2063	Kitasatospora	genus		0.0	0	0	15735445.0		0.0	0	0	401.0
pool	204475	Gemmiger	genus		0.0	0	0	3238784.0		0.0	0	0	94.0
pool	165695	Sphingobium	genus		0.0	0	0	4819785.0		0.0	0	0	61.0
pool	375288	Parabacteroides	genus		0.0	0	0	3908047.0		0.0	0	0	49.0
pool	1903434	Atlantibacter	genus		0.0	0	0	4715983.0		0.0	0	0	32.0
pool	367298	Phycicoccus	genus		0.0	0	0	12561698.0		0.0	0	0	75.0
pool	283810	Stackebrandtia	genus		0.0	0	0	5546185.0		0.0	0	0	21.0
pool	60919	Sanguibacter	genus		0.0	0	0	4392776.0		0.0	0	0	9.0
pool	40413	Desulforhopalus	genus		0.0	0	0	5003741.0		0.0	0	0	126.0
pool	1763	Mycobacterium	genus		0.0	0	0	12314286.0		0.0	0	0	120.0
pool	490567	Arenimonas	genus		0.0	0	0	2978743.0		0.0	0	0	8.0
pool	1434046	Sphingorhabdus	genus		0.0	0	0	7155569.0		0.0	0	0	5.0
pool	1434019	Mameliella	genus		0.0	0	0	21065517.0		0.0	0	0	147.0
pool	46913	Devosia	genus		0.0	0	0	36626430.0		0.0	0	0	246.0
pool	48463	Prosthecobacter	genus		0.0	0	0	12109280.0		0.0	0	0	105.0
pool	20	Phenylobacterium	genus		0.0	0	0	13144738.0		0.0	0	0	108.0
pool	43676	Promicromonospora	genus		0.0	0	0	5380322.0		0.0	0	0	26.0
pool	1653176	Cereibacter	genus		0.0	0	0	4919248.0		0.0	0	0	86.0
pool	115543	Parasporobacterium	genus		0.0	0	0	2440900.0		0.0	0	0	52.0
pool	44258	Caloramator	genus		0.0	0	0	2647357.0		0.0	0	0	125.0
pool	361050	Rubritalea	genus		0.0	0	0	4320165.0		0.0	0	0	22.0
pool	1914244	Krasilnikoviella	genus		0.0	0	0	4843474.0		0.0	0	0	63.0
pool	2016	Streptoalloteichus	genus		0.0	0	0	7094726.0		0.0	0	0	109.0
pool	2420	Thermosipho	genus		0.0	0	0	1635388.0		0.0	0	0	11.0
pool	46205	Pseudobutyrivibrio	genus		0.0	0	0	3420207.0		0.0	0	0	59.0
pool	1827	Rhodococcus	genus		0.0	0	0	14776040.0		0.0	0	0	83.0
pool	104264	Cellulophaga	genus		0.0	0	0	7462492.0		0.0	0	0	44.0
pool	2332	Propionigenium	genus		0.0	0	0	4107155.0		0.0	0	0	69.0
pool	33886	Rathayibacter	genus		0.0	0	0	16237122.0		0.0	0	0	395.0
pool	1843210	Anaerocolumna	genus		0.0	0	0	12031595.0		0.0	0	0	102.0
pool	869806	Marivirga	genus		0.0	0	0	4738056.0		0.0	0	0	29.0
pool	983507	Ponticoccus	genus		0.0	0	0	4748324.0		0.0	0	0	27.0
pool	84567	Pedobacter	genus		0.0	0	0	14567128.0		0.0	0	0	171.0
pool	1912771	Halodesulfovibrio	genus		0.0	0	0	3708799.0		0.0	0	0	15.0
pool	69278	Aquamicrobium	genus		0.0	0	0	3638028.0		0.0	0	0	52.0
pool	71655	Brenneria	genus		0.0	0	0	8913891.0		0.0	0	0	110.0
pool	79328	Chitinophaga	genus		0.0	0	0	29273820.0		0.0	0	0	159.0
pool	274470	Alkalibacter	genus		0.0	0	0	2325618.0		0.0	0	0	38.0
pool	232115	Mesonia	genus		0.0	0	0	9194581.0		0.0	0	0	114.0
pool	49279	Gelidibacter	genus		0.0	0	0	17959803.0		0.0	0	0	271.0
pool	188143	Enterovibrio	genus		0.0	0	0	5027516.0		0.0	0	0	243.0
pool	568394	Pseudogulbenkiania	genus		0.0	0	0	4362870.0		0.0	0	0	47.0
pool	360541	Sporacetigenium	genus		0.0	0	0	2976284.0		0.0	0	0	56.0
pool	120831	Dyadobacter	genus		0.0	0	0	22216106.0		0.0	0	0	93.0
pool	85043	Williamsia	genus		0.0	0	0	13974782.0		0.0	0	0	60.0
pool	40566	Actinosynnema	genus		0.0	0	0	9348728.0		0.0	0	0	50.0
pool	881894	Fontibacter	genus		0.0	0	0	4481558.0		0.0	0	0	96.0
pool	75654	Duganella	genus		0.0	0	0	6230033.0		0.0	0	0	71.0
pool	1233054	Oceanicella	genus		0.0	0	0	3280980.0		0.0	0	0	36.0
pool	39845	Actinokineospora	genus		0.0	0	0	15747781.0		0.0	0	0	50.0
pool	763439	Caenimonas	genus		0.0	0	0	4594950.0		0.0	0	0	55.0
pool	29580	Janthinobacterium	genus		0.0	0	0	5312559.0		0.0	0	0	65.0
pool	100175	Papillibacter	genus		0.0	0	0	2888356.0		0.0	0	0	24.0
pool	448125	Dethiosulfatibacter	genus		0.0	0	0	4030129.0		0.0	0	0	82.0
pool	44748	Sporobacter	genus		0.0	0	0	4196055.0		0.0	0	0	40.0
pool	1250278	Salegentibacter sp.	species	0.0		130736	0		0.0		2	0	
pool	354	Azotobacter vinelandii	species			61164	0				3	0	
pool	1410620	Shinella sp.	species			2027	0				3	0	
pool	435897	Lysobacter capsici	species			35245	0				1	0	
pool	1147684	Achromobacter arsenitoxydans	species			352	0				1	0	
pool	40571	Lentzea albidocapillata	species	1.0	0.06555783858295203	566234	566234	8637167.0	1.0	0.024390243902439025	1	1	41.0
pool	897	Desulfococcus multivorans	species		0.0015082585104255557	78393	78393	51975838.0		0.004005340453938585	3	3	749.0
pool	2242	Halobacterium salinarum	species		0.0005390950905685359	12499	12499	23185149.0		0.0055147058823529415	3	3	544.0
pool	1464554	Aeromicrobium massiliense	species	0.0		1122073	0		0.0		1	0	
pool	471	Acinetobacter calcoaceticus	species	0.0		310037	0		0.0		1	0	
pool	58135	Desulfofundulus kuznetsovii	species			1023	0				1	0	
pool	1144304	Caulobacter sp.	species			15648	0				1	0	
pool	1393	Brevibacillus brevis	species			68146	0				1	0	
pool	304766	Sedimentibacter sp.	species			55806	0				1	0	
pool	1564	Desulfotomaculum ruminis	species			3060	0				1	0	
pool	246602	Pseudoduganella violaceinigra	species			578	0				1	0	
pool	670	Vibrio parahaemolyticus	species			30982	0				1	0	
pool	1392488	Flavimarina sp.	species	0.0		143464	0		0.0		1	0	
pool	180295	Atopostipes suicloacalis	species		0.0	0	0	2120985.0		0.0	0	0	55.0
pool	393003	Chitinophaga ginsengisegetis	species		0.0	0	0	7933412.0		0.0	0	0	11.0
pool	370622	Aureimonas altamirensis	species		0.0	0	0	4190420.0		0.0	0	0	12.0
pool	41985	Agromyces fucosus	species		0.0	0	0	4042744.0		0.0	0	0	9.0
pool	1278652	Chryseobacterium sp.	species		0.0	0	0	4323695.0		0.0	0	0	24.0
pool	402884	Cereibacter changlensis	species		0.0	0	0	4919248.0		0.0	0	0	86.0
pool	35837	Desulfacinum infernum	species		0.0	0	0	4236285.0		0.0	0	0	81.0
pool	86175	Pseudomonas pertucinogena	species		0.0	0	0	3063189.0		0.0	0	0	21.0
pool	619805	Soonwooa buanensis	species		0.0	0	0	3329138.0		0.0	0	0	33.0
pool	446684	Kaistia soli	species		0.0	0	0	5236188.0		0.0	0	0	18.0
pool	82374	Anaerovibrio lipolyticus	species		0.0	0	0	5824876.0		0.0	0	0	80.0
pool	424797	Nocardioides terrigena	species		0.0	0	0	9058280.0		0.0	0	0	72.0
pool	103728	Actinokineospora diospyrosa	species		0.0	0	0	8109299.0		0.0	0	0	39.0
pool	188872	Arenibacter troitsensis	species		0.0	0	0	5277401.0		0.0	0	0	45.0
pool	456330	Caldanaerobius fijiensis	species		0.0	0	0	2753972.0		0.0	0	0	96.0
pool	367474	Caenimonas koreensis	species		0.0	0	0	4594950.0		0.0	0	0	55.0
pool	906888	Nonlabens ulvanivorans	species		0.0	0	0	3177054.0		0.0	0	0	28.0
pool	115544	Parasporobacterium paucivorans	species		0.0	0	0	2440900.0		0.0	0	0	52.0
pool	561365	Maribacter arcticus	species		0.0	0	0	4203003.0		0.0	0	0	27.0
pool	1294566	Devosia sp.	species		0.0	0	0	3821022.0		0.0	0	0	31.0
pool	428988	Flavobacterium lindanitolerans	species		0.0	0	0	3806186.0		0.0	0	0	48.0
pool	48467	Prosthecobacter debontii	species		0.0	0	0	6284142.0		0.0	0	0	65.0
pool	623280	Parapedobacter luteus	species		0.0	0	0	4828298.0		0.0	0	0	30.0
pool	42197	Actinosynnema pretiosum	species		0.0	0	0	9348728.0		0.0	0	0	50.0
pool	291403	Algoriphagus yeomjeoni	species		0.0	0	0	4970338.0		0.0	0	0	39.0
pool	1843	Nocardioides jensenii	species		0.0	0	0	20123852.0		0.0	0	0	181.0
pool	554335	Rhizobium sp.	species		0.0	0	0	9891870.0		0.0	0	0	134.0
pool	43131	Tissierella praeacuta	species		0.0	0	0	3113870.0		0.0	0	0	45.0
pool	51616	Desulfitobacterium chlororespirans	species		0.0	0	0	5600379.0		0.0	0	0	38.0
pool	561184	Mameliella alba	species		0.0	0	0	21065517.0		0.0	0	0	147.0
pool	86796	Marmoricola aurantiacus	species		0.0	0	0	3819951.0		0.0	0	0	24.0
pool	49280	Gelidibacter algens	species		0.0	0	0	17959803.0		0.0	0	0	271.0
pool	293552	Marinomonas polaris	species		0.0	0	0	5032852.0		0.0	0	0	59.0
pool	53444	Lactobacillus lindneri	species		0.0	0	0	1419850.0		0.0	0	0	33.0
pool	82688	Lactobacillus nagelii	species		0.0	0	0	2490428.0		0.0	0	0	36.0
pool	28898	Campylobacter helveticus	species		0.0	0	0	1820943.0		0.0	0	0	62.0
pool	407226	Rubritalea squalenifaciens	species		0.0	0	0	4320165.0		0.0	0	0	22.0
pool	143223	Salegentibacter salegens	species		0.0	0	0	11050864.0		0.0	0	0	514.0
pool	394340	Asaccharobacter celatus	species		0.0	0	0	2880893.0		0.0	0	0	39.0
pool	349931	Clostridium cavendishii	species		0.0	0	0	4980004.0		0.0	0	0	63.0
pool	160791	Sphingomonas wittichii	species		0.0	0	0	19137096.0		0.0	0	0	136.0
pool	458711	Halodesulfovibrio marinisediminis	species		0.0	0	0	3708799.0		0.0	0	0	15.0
pool	71656	Brenneria alni	species		0.0	0	0	4099185.0		0.0	0	0	63.0
pool	228603	Prevotella shahii	species		0.0	0	0	3504004.0		0.0	0	0	108.0
pool	172045	Elizabethkingia miricola	species		0.0	0	0	4293831.0		0.0	0	0	38.0
pool	148453	Salinicoccus alkaliphilus	species		0.0	0	0	2513181.0		0.0	0	0	35.0
pool	422297	Ponticoccus litoralis	species		0.0	0	0	4748324.0		0.0	0	0	27.0
pool	185007	Pseudobutyrivibrio xylanivorans	species		0.0	0	0	3420207.0		0.0	0	0	59.0
pool	270918	Salegentibacter mishustinae	species		0.0	0	0	3769298.0		0.0	0	0	32.0
pool	466107	Desulfovibrio litoralis	species		0.0	0	0	2736174.0		0.0	0	0	37.0
pool	237019	Algoriphagus chordae	species		0.0	0	0	5179065.0		0.0	0	0	56.0
pool	355930	Yonghaparkia alkaliphila	species		0.0	0	0	5244373.0		0.0	0	0	22.0
pool	196587	Albidovulum inexpectatum	species		0.0	0	0	12119276.0		0.0	0	0	198.0
pool	1071583	Microbacterium sp.	species		0.0	0	0	7755981.0		0.0	0	0	36.0
pool	262325	Lysobacter concretionis	species		0.0	0	0	3031737.0		0.0	0	0	46.0
pool	1456769	Phycicoccus soli	species		0.0	0	0	8562127.0		0.0	0	0	48.0
pool	65700	Erwinia tracheiphila	species		0.0	0	0	17642522.0		0.0	0	0	1419.0
pool	231440	Desulfopila aestuarii	species		0.0	0	0	6064646.0		0.0	0	0	103.0
pool	504469	Enterovibrio nigricans	species		0.0	0	0	5027516.0		0.0	0	0	243.0
pool	643671	Larkinella arboricola	species		0.0	0	0	7015325.0		0.0	0	0	41.0
pool	1167741	Pelomonas sp.	species		0.0	0	0	36491486.0		0.0	0	0	298.0
pool	180311	Hespellia stercorisuis	species		0.0	0	0	4394786.0		0.0	0	0	163.0
pool	577679	Prauserella flava	species		0.0	0	0	5643643.0		0.0	0	0	14.0
pool	1933	Streptoalloteichus tenebrarius	species		0.0	0	0	7094726.0		0.0	0	0	109.0
pool	397260	Sphingomonas sanxanigenens	species		0.0	0	0	6627040.0		0.0	0	0	117.0
pool	576117	Celeribacter halophilus	species		0.0	0	0	3865680.0		0.0	0	0	63.0
pool	1150508	Leifsonia sp.	species		0.0	0	0	3734711.0		0.0	0	0	14.0
pool	265175	Kingella potus	species		0.0	0	0	2324531.0		0.0	0	0	72.0
pool	32644	unidentified	species		0.0	0	0	3140644.0		0.0	0	0	316.0
pool	253256	Soehngenia saccharolytica	species		0.0	0	0	2001077.0		0.0	0	0	72.0
pool	92487	Thiothrix eikelboomii	species		0.0	0	0	4145616.0		0.0	0	0	62.0
pool	109258	Desulfacinum hydrothermale	species		0.0	0	0	11335112.0		0.0	0	0	172.0
pool	48464	Prosthecobacter fusiformis	species		0.0	0	0	5825138.0		0.0	0	0	40.0
pool	238991	Thermosipho atlanticus	species		0.0	0	0	1635388.0		0.0	0	0	11.0
pool	654838	Fontibacter flavus	species		0.0	0	0	4481558.0		0.0	0	0	96.0
pool	96101	Actinomadura glauciflava	species		0.0	0	0	9355715.0		0.0	0	0	93.0
pool	387889	Prauserella salsuginis	species		0.0	0	0	5643120.0		0.0	0	0	16.0
pool	988	Leeuwenhoekiella marinoflava	species		0.0	0	0	4729287.0		0.0	0	0	48.0
pool	468058	Mucilaginibacter oryzae	species		0.0	0	0	5936951.0		0.0	0	0	46.0
pool	1189325	Oceanicella actignis	species		0.0	0	0	3280980.0		0.0	0	0	36.0
pool	447593	Thermoanaerobacter uzonensis	species		0.0	0	0	2406712.0		0.0	0	0	34.0
pool	387890	Prauserella aidingensis	species		0.0	0	0	5641612.0		0.0	0	0	83.0
pool	115783	Geobacter thiogenes	species		0.0	0	0	3568133.0		0.0	0	0	48.0
pool	1172533	Rhodococcus sp.	species		0.0	0	0	4709297.0		0.0	0	0	23.0
pool	375061	Arenimonas donghaensis	species		0.0	0	0	2978743.0		0.0	0	0	8.0
pool	390806	Geosporobacter subterraneus	species		0.0	0	0	3855557.0		0.0	0	0	119.0
pool	1243042	Paenibacillus sp.	species		0.0	0	0	6500254.0		0.0	0	0	52.0
pool	104662	Chitinophaga japonensis	species		0.0	0	0	6993637.0		0.0	0	0	17.0
pool	142842	Selenihalanaerobacter shriftii	species		0.0	0	0	2837595.0		0.0	0	0	54.0
pool	348840	Desulfofundulus thermosubterraneus	species		0.0	0	0	3410037.0		0.0	0	0	100.0
pool	1387244	Rhizobium sp.	species		0.0	0	0	12118131.0		0.0	0	0	162.0
pool	188932	Pedobacter cryoconitis	species		0.0	0	0	6073581.0		0.0	0	0	90.0
pool	349273	uncultured Phenylobacterium	species		0.0	0	0	13144738.0		0.0	0	0	108.0
pool	684063	Paenibacillus algorifonticola	species		0.0	0	0	7575015.0		0.0	0	0	106.0
pool	130788	Sedimentibacter saalensis	species		0.0	0	0	3826005.0		0.0	0	0	142.0
pool	429344	Maribacter polysiphoniae	species		0.0	0	0	5119949.0		0.0	0	0	37.0
pool	129578	Oceanimonas baumannii	species		0.0	0	0	3735544.0		0.0	0	0	58.0
pool	435906	Salegentibacter salarius	species		0.0	0	0	3328538.0		0.0	0	0	49.0
pool	990	Cytophaga xylanolytica	species		0.0	0	0	4361637.0		0.0	0	0	116.0
pool	55210	Brenneria nigrifluens	species		0.0	0	0	4814706.0		0.0	0	0	47.0
pool	504486	Cellulophaga tyrosinoxydans	species		0.0	0	0	3547012.0		0.0	0	0	18.0
pool	876	Desulfovibrio desulfuricans	species		0.0	0	0	26230321.0		0.0	0	0	204.0
pool	293890	Agromyces subbeticus	species		0.0	0	0	23924211.0		0.0	0	0	245.0
pool	213248	Mesonia algae	species		0.0	0	0	9194581.0		0.0	0	0	114.0
pool	244584	Mycoplasma testudineum	species		0.0	0	0	953746.0		0.0	0	0	25.0
pool	91624	Clostridium acidisoli	species		0.0	0	0	3999657.0		0.0	0	0	62.0
pool	438851	Lentzea californiensis	species		0.0	0	0	8996823.0		0.0	0	0	32.0
pool	299072	Desulfovibrio paquesii	species		0.0	0	0	4199435.0		0.0	0	0	120.0
pool	45622	Propionigenium maris	species		0.0	0	0	4107155.0		0.0	0	0	69.0
pool	279824	Algoriphagus alkaliphilus	species		0.0	0	0	4846079.0		0.0	0	0	90.0
pool	185641	Prauserella halophila	species		0.0	0	0	5047472.0		0.0	0	0	20.0
pool	158751	uncultured Acidovorax	species		0.0	0	0	5010610.0		0.0	0	0	52.0
pool	28122	Fibrobacter intestinalis	species		0.0	0	0	3277440.0		0.0	0	0	150.0
pool	575302	Burkholderia sp.	species		0.0	0	0	6798508.0		0.0	0	0	107.0
pool	391736	Williamsia serinedens	species		0.0	0	0	4635496.0		0.0	0	0	34.0
pool	44749	Sporobacter termitidis	species		0.0	0	0	4196055.0		0.0	0	0	40.0
pool	1080	Afifella marina	species		0.0	0	0	3962251.0		0.0	0	0	26.0
pool	526729	Krasilnikoviella flava	species		0.0	0	0	4843474.0		0.0	0	0	63.0
pool	53343	Desulfotomaculum aeronauticum	species		0.0	0	0	4015323.0		0.0	0	0	64.0
pool	100176	Papillibacter cinnamivorans	species		0.0	0	0	2888356.0		0.0	0	0	24.0
pool	1557	Peptoclostridium litorale	species		0.0	0	0	3196223.0		0.0	0	0	39.0
pool	889453	Alkalitalea saponilacus	species		0.0	0	0	4548631.0		0.0	0	0	100.0
pool	374425	Methylobacterium komagatae	species		0.0	0	0	5496576.0		0.0	0	0	96.0
pool	756689	Nocardia amikacinitolerans	species		0.0	0	0	37438923.0		0.0	0	0	254.0
pool	366349	Rhizobium sp.	species		0.0	0	0	15787032.0		0.0	0	0	210.0
pool	171291	Mycoplasma verecundum	species		0.0	0	0	872080.0		0.0	0	0	50.0
pool	412896	Thermodesulfovibrio hydrogeniphilus	species		0.0	0	0	2114333.0		0.0	0	0	104.0
pool	45629	Desulfovibrio halophilus	species		0.0	0	0	3375026.0		0.0	0	0	18.0
pool	65401	Propionivibrio pelophilus	species		0.0	0	0	4252841.0		0.0	0	0	156.0
pool	287609	Roseomonas lacus	species		0.0	0	0	6388653.0		0.0	0	0	95.0
pool	198312	Porphyrobacter sanguineus	species		0.0	0	0	2978214.0		0.0	0	0	25.0
pool	496053	Hymenobacter daecheongensis	species		0.0	0	0	4385506.0		0.0	0	0	18.0
pool	451637	Pseudogulbenkiania subflava	species		0.0	0	0	4362870.0		0.0	0	0	47.0
pool	572036	Pedobacter luteus	species		0.0	0	0	4027503.0		0.0	0	0	13.0
pool	363850	Dyadobacter ginsengisoli	species		0.0	0	0	9417641.0		0.0	0	0	37.0
pool	745368	Gemmiger formicilis	species		0.0	0	0	3238784.0		0.0	0	0	94.0
pool	490570	Phycicoccus ginsenosidimutans	species		0.0	0	0	3999571.0		0.0	0	0	27.0
pool	91360	Desulforhopalus singaporensis	species		0.0	0	0	5003741.0		0.0	0	0	126.0
pool	332095	Dethiosulfatibacter aminovorans	species		0.0	0	0	4030129.0		0.0	0	0	82.0
pool	288995	Devosia limi	species		0.0	0	0	4296833.0		0.0	0	0	29.0
pool	765201	Promicromonospora thailandica	species		0.0	0	0	5380322.0		0.0	0	0	26.0
pool	1566	Desulfofundulus australicus	species		0.0	0	0	2872854.0		0.0	0	0	80.0
pool	180163	Cetobacterium ceti	species		0.0	0	0	2553826.0		0.0	0	0	376.0
pool	83771	Succinivibrio dextrinosolvens	species		0.0	0	0	2664356.0		0.0	0	0	104.0
pool	351343	Pedobacter aquatilis	species		0.0	0	0	4466044.0		0.0	0	0	68.0
pool	223904	Nocardioides sp.	species		0.0	0	0	5016797.0		0.0	0	0	55.0
pool	28454	Sphingobacterium multivorum	species		0.0	0	0	5863185.0		0.0	0	0	90.0
pool	406432	Stackebrandtia albiflava	species		0.0	0	0	5546185.0		0.0	0	0	21.0
pool	440515	Arenibacter echinorum	species		0.0	0	0	5188649.0		0.0	0	0	30.0
pool	198092	Roseomonas rosea	species		0.0	0	0	5341403.0		0.0	0	0	84.0
pool	349095	Megasphaera paucivorans	species		0.0	0	0	2911302.0		0.0	0	0	76.0
pool	29524	Porphyromonas circumdentaria	species		0.0	0	0	2029652.0		0.0	0	0	39.0
pool	424704	Roseomonas vinacea	species		0.0	0	0	6344653.0		0.0	0	0	124.0
pool	380392	Desulfomicrobium thermophilum	species		0.0	0	0	2483130.0		0.0	0	0	20.0
pool	54294	Thermosyntropha lipolytica	species		0.0	0	0	2166976.0		0.0	0	0	96.0
pool	235931	Alkalibacter saccharofermentans	species		0.0	0	0	2325618.0		0.0	0	0	38.0
pool	33954	Clostridium magnum	species		0.0	0	0	6461802.0		0.0	0	0	121.0
pool	331697	Chitinophaga skermanii	species		0.0	0	0	6110985.0		0.0	0	0	29.0
pool	176598	Pseudoxanthomonas taiwanensis	species		0.0	0	0	3035679.0		0.0	0	0	79.0
pool	561088	Aquamicrobium aerolatum	species		0.0	0	0	3638028.0		0.0	0	0	52.0
pool	292407	Dyadobacter crusticola	species		0.0	0	0	6064551.0		0.0	0	0	22.0
pool	29365	Hathewaya proteolytica	species		0.0	0	0	2814524.0		0.0	0	0	46.0
pool	225004	Treponema berlinense	species		0.0	0	0	2518929.0		0.0	0	0	35.0
pool	447422	Salegentibacter salinarum	species		0.0	0	0	4308727.0		0.0	0	0	43.0
pool	1256701	Rhizobium sp.	species		0.0	0	0	9743279.0		0.0	0	0	89.0
pool	454048	Bacillus sp.	species		0.0	0	0	5984486.0		0.0	0	0	223.0
pool	114707	uncultured Pseudomonas	species		0.0	0	0	5864153.0		0.0	0	0	74.0
pool	619730	Terrabacter carboxydivorans	species		0.0	0	0	9768506.0		0.0	0	0	64.0
pool	480814	Halomonas ilicicola	species		0.0	0	0	3952422.0		0.0	0	0	52.0
pool	1028	Marivirga sericea	species		0.0	0	0	4738056.0		0.0	0	0	29.0
pool	261392	Treponema porcinum	species		0.0	0	0	2506767.0		0.0	0	0	36.0
pool	435912	Vibrio porteresiae	species		0.0	0	0	5418821.0		0.0	0	0	57.0
pool	394733	Sphingorhabdus litoris	species		0.0	0	0	3607646.0		0.0	0	0	3.0
pool	591202	Arcicella aurantiaca	species		0.0	0	0	5919827.0		0.0	0	0	103.0
pool	29357	Clostridium collagenovorans	species		0.0	0	0	3474946.0		0.0	0	0	34.0
pool	36845	Clostridium intestinale	species		0.0	0	0	22131764.0		0.0	0	0	247.0
pool	435289	Lysobacter spongiicola	species		0.0	0	0	3098414.0		0.0	0	0	31.0
pool	57040	Malonomonas rubra	species		0.0	0	0	3960448.0		0.0	0	0	42.0
pool	53342	Caloramator proteoclasticus	species		0.0	0	0	2647357.0		0.0	0	0	125.0
pool	83526	Lactobacillus paralimentarius	species		0.0	0	0	2560775.0		0.0	0	0	134.0
pool	241145	Salegentibacter holothuriorum	species		0.0	0	0	3591095.0		0.0	0	0	19.0
pool	421530	Chryseobacterium bovis	species		0.0	0	0	3337045.0		0.0	0	0	107.0
pool	182367	Rhizobium sp.	species		0.0	0	0	6316279.0		0.0	0	0	76.0
pool	157792	Pseudomonas xiamenensis	species		0.0	0	0	4267703.0		0.0	0	0	17.0
pool	651661	Dyadobacter psychrophilus	species		0.0	0	0	6733914.0		0.0	0	0	34.0
pool	287990	Marinitoga hydrogenitolerans	species		0.0	0	0	2311198.0		0.0	0	0	88.0
pool	420403	Pelagicola litoralis	species		0.0	0	0	3642180.0		0.0	0	0	61.0
pool	100134	Anaerocolumna xylanovorans	species		0.0	0	0	5414567.0		0.0	0	0	28.0
pool	1004	Chitinophaga sancti	species		0.0	0	0	8235786.0		0.0	0	0	102.0
pool	108437	Comamonas nitrativorans	species		0.0	0	0	3356089.0		0.0	0	0	77.0
pool	57028	Algoriphagus ratkowskyi	species		0.0	0	0	4983191.0		0.0	0	0	55.0
pool	563996	Sphingomonas hankookensis	species		0.0	0	0	4134663.0		0.0	0	0	52.0
pool	321325	Williamsia deligens	species		0.0	0	0	4407838.0		0.0	0	0	21.0
pool	568105	Hwanghaeicola aestuarii	species		0.0	0	0	4540469.0		0.0	0	0	86.0
pool	76007	Desulfovibrio senezii	species		0.0	0	0	3559919.0		0.0	0	0	63.0
pool	51195	Desulfofustis glycolicus	species		0.0	0	0	4974095.0		0.0	0	0	102.0
pool	33998	Acidocella aminolytica	species		0.0	0	0	3960665.0		0.0	0	0	110.0
pool	76595	Cellulophaga fucicola	species		0.0	0	0	3915480.0		0.0	0	0	26.0
pool	103729	Actinokineospora globicatena	species		0.0	0	0	7638482.0		0.0	0	0	11.0
pool	64969	Oceanospirillum multiglobuliferum	species		0.0	0	0	3508055.0		0.0	0	0	52.0
pool	263852	Pilibacter termitis	species		0.0	0	0	2780066.0		0.0	0	0	86.0
pool	176898	Prauserella alba	species		0.0	0	0	5615200.0		0.0	0	0	12.0
pool	41977	Azoarcus communis	species		0.0	0	0	4899927.0		0.0	0	0	130.0
pool	160236	uncultured Herbaspirillum	species		0.0	0	0	6135680.0		0.0	0	0	191.0
pool	184755	Vibrio ruber	species		0.0	0	0	4530266.0		0.0	0	0	109.0
pool	116849	Azomonas agilis	species		0.0	0	0	3274144.0		0.0	0	0	25.0
pool	47158	Desulfovibrio gracilis	species		0.0	0	0	3179188.0		0.0	0	0	53.0
pool	42322	Eubacterium ruminantium	species		0.0	0	0	2834267.0		0.0	0	0	108.0
pool	696762	Planktotalea frisia	species		0.0	0	0	4153516.0		0.0	0	0	203.0
pool	575978	Desulfovibrio idahonensis	species		0.0	0	0	3547531.0		0.0	0	0	177.0
pool	289483	Pseudoxanthomonas kalamensis	species		0.0	0	0	2925450.0		0.0	0	0	9.0
pool	45202	unidentified plasmid	species		0.0	0	0	4458484.0		0.0	0	0	198.0
pool	266809	Thalassobacter stenotrophicus	species		0.0	0	0	3596730.0		0.0	0	0	43.0
pool	259063	Anaerocolumna jejuensis	species		0.0	0	0	6617028.0		0.0	0	0	74.0
pool	213588	Thermomonas hydrothermalis	species		0.0	0	0	2439301.0		0.0	0	0	95.0
pool	36874	Porphyromonas cangingivalis	species		0.0	0	0	2360990.0		0.0	0	0	111.0
pool	286803	Sporacetigenium mesophilum	species		0.0	0	0	2976284.0		0.0	0	0	56.0
pool	394732	Sphingorhabdus marina	species		0.0	0	0	3547923.0		0.0	0	0	2.0
pool	74701	Desulfotomaculum putei	species		0.0	0	0	3113723.0		0.0	0	0	66.0
pool	53254	Bosea thiooxidans	species		0.0	0	0	5368281.0		0.0	0	0	34.0
pool	255519	Atlantibacter subterranea	species		0.0	0	0	4715983.0		0.0	0	0	32.0
pool	329936	Desulfosporosinus lacus	species		0.0	0	0	5549747.0		0.0	0	0	71.0
pool	227322	uncultured Paenibacillus	species		0.0	0	0	16403391.0		0.0	0	0	209.0
pool	158754	uncultured Sphingomonas	species		0.0	0	0	3870877.0		0.0	0	0	9.0
pool	72806	Williamsia maris	species		0.0	0	0	4931448.0		0.0	0	0	5.0
pool	344998	Hymenobacter psychrotolerans	species		0.0	0	0	4765019.0		0.0	0	0	64.0
pool	334858	Goodfellowiella coeruleoviolacea	species		0.0	0	0	8767230.0		0.0	0	0	74.0
pool	44754	Fervidobacterium gondwanense	species		0.0	0	0	2144384.0		0.0	0	0	27.0
pool	170623	Azotobacter beijerinckii	species		0.0	0	0	24889875.0		0.0	0	0	1190.0
pool	888	Desulfobotulus sapovorans	species		0.0	0	0	3980756.0		0.0	0	0	75.0
pool	443157	Nocardioides hankookensis	species		0.0	0	0	10982234.0		0.0	0	0	70.0
pool	509094	Brevundimonas sp.	species		0.0	0	0	3127048.0		0.0	0	0	11.0
pool	330227	Microbacterium sp.	species		0.0	0	0	4016903.0		0.0	0	0	176.0
pool	1037355	Parabacteroides chartae	species		0.0	0	0	3908047.0		0.0	0	0	49.0
pool	1259470	Nocardioides sp.	species		0.0	0	0	10438776.0		0.0	0	0	70.0
pool	33922	Mycoplasma agassizii	species		0.0	0	0	1274645.0		0.0	0	0	39.0
pool	1255265	Nitrobacter sp.	species		0.0	0	0	4804273.0		0.0	0	0	14.0
pool	875239	Modestobacter sp.	species		0.0	0	0	9129044.0		0.0	0	0	93.0
pool	191564	Nonlabens xylanidelens	species		0.0	0	0	3274777.0		0.0	0	0	22.0
pool	1120994	Anaerosphaera aminiphila	species		0.0	0	0	2020910.0		0.0	0	0	32.0
pool	1123293	Stackebrandtia albiflava strain	strain		0.0	0	0	5546185.0		0.0	0	0	21.0
pool	1121868	Enterovibrio nigricans strain	strain		0.0	0	0	5027516.0		0.0	0	0	243.0
pool	1122945	Pelagicola litoralis strain	strain		0.0	0	0	3642180.0		0.0	0	0	61.0
pool	1121457	Halodesulfovibrio marinisediminis strain	strain		0.0	0	0	3708799.0		0.0	0	0	15.0
pool	1121959	Hymenobacter psychrotolerans strain	strain		0.0	0	0	4765019.0		0.0	0	0	64.0
pool	1122151	Lactobacillus paralimentarius strain	strain		0.0	0	0	2560775.0		0.0	0	0	134.0
pool	1121322	Anaerocolumna jejuensis strain	strain		0.0	0	0	6617028.0		0.0	0	0	74.0
pool	1123030	Pseudoxanthomonas kalamensis strain	strain		0.0	0	0	2925450.0		0.0	0	0	9.0
pool	1123061	Roseomonas lacus strain	strain		0.0	0	0	6388653.0		0.0	0	0	95.0
pool	1123006	Propionivibrio pelophilus strain	strain		0.0	0	0	4252841.0		0.0	0	0	156.0
pool	1123374	Thermodesulfovibrio hydrogeniphilus strain	strain		0.0	0	0	2114333.0		0.0	0	0	104.0
pool	1122969	Ponticoccus litoralis strain	strain		0.0	0	0	4748324.0		0.0	0	0	27.0
pool	1121350	Comamonas nitrativorans strain	strain		0.0	0	0	3356089.0		0.0	0	0	77.0
pool	1123000	Propionigenium maris strain	strain		0.0	0	0	4107155.0		0.0	0	0	69.0
pool	1122195	Marinitoga hydrogenitolerans strain	strain		0.0	0	0	2311198.0		0.0	0	0	88.0
pool	1121421	Desulfotomaculum aeronauticum strain	strain		0.0	0	0	4015323.0		0.0	0	0	64.0
pool	1121119	Brenneria alni strain	strain		0.0	0	0	4099185.0		0.0	0	0	63.0
pool	1121450	Desulfovibrio halophilus strain	strain		0.0	0	0	3375026.0		0.0	0	0	18.0
pool	1121390	Desulfacinum hydrothermale strain	strain		0.0	0	0	11335112.0		0.0	0	0	172.0
pool	1121409	Desulfofustis glycolicus strain	strain		0.0	0	0	4974095.0		0.0	0	0	102.0
pool	1123231	Salinicoccus alkaliphilus strain	strain		0.0	0	0	2513181.0		0.0	0	0	35.0
pool	1121484	Dyadobacter ginsengisoli strain	strain		0.0	0	0	9417641.0		0.0	0	0	37.0
pool	1123019	Pseudomonas pertucinogena strain	strain		0.0	0	0	3063189.0		0.0	0	0	21.0
pool	1121449	Desulfovibrio gracilis strain	strain		0.0	0	0	3179188.0		0.0	0	0	53.0
pool	1122136	Kingella potus strain	strain		0.0	0	0	2324531.0		0.0	0	0	72.0
pool	1121919	Geosporobacter subterraneus strain	strain		0.0	0	0	3855557.0		0.0	0	0	119.0
pool	1122133	Kaistia soli strain	strain		0.0	0	0	5236188.0		0.0	0	0	18.0
pool	1121345	Anaerocolumna xylanovorans strain	strain		0.0	0	0	5414567.0		0.0	0	0	28.0
pool	1121324	Peptoclostridium litorale strain	strain		0.0	0	0	3196223.0		0.0	0	0	39.0
pool	1120997	Anaerovibrio lipolyticus strain	strain		0.0	0	0	5824876.0		0.0	0	0	80.0
pool	1121412	Desulfomicrobium thermophilum strain	strain		0.0	0	0	2483130.0		0.0	0	0	20.0
pool	1121432	Desulfofundulus thermosubterraneus strain	strain		0.0	0	0	3410037.0		0.0	0	0	100.0
pool	478009	Halobacterium salinarum strain	strain		0.0	0	0	12980270.0		0.0	0	0	370.0
pool	1121429	Desulfotomaculum putei strain	strain		0.0	0	0	3113723.0		0.0	0	0	66.0
pool	1122148	Lactobacillus lindneri strain	strain		0.0	0	0	1419850.0		0.0	0	0	33.0
pool	1123238	Atlantibacter subterranea strain	strain		0.0	0	0	4715983.0		0.0	0	0	32.0
pool	1123282	Sporobacter termitidis strain	strain		0.0	0	0	4196055.0		0.0	0	0	40.0
pool	1123269	Sphingomonas sanxanigenens strain	strain		0.0	0	0	6627040.0		0.0	0	0	117.0
pool	1123498	Vibrio ruber strain	strain		0.0	0	0	4530266.0		0.0	0	0	109.0
pool	1121026	Aureimonas altamirensis strain	strain		0.0	0	0	4190420.0		0.0	0	0	12.0
pool	1121291	Clostridium acidisoli strain	strain		0.0	0	0	3999657.0		0.0	0	0	62.0
pool	1121302	Clostridium cavendishii strain	strain		0.0	0	0	4980004.0		0.0	0	0	63.0
pool	1122159	Leeuwenhoekiella marinoflava strain	strain		0.0	0	0	4729287.0		0.0	0	0	48.0
pool	1121420	Desulfosporosinus lacus strain	strain		0.0	0	0	5549747.0		0.0	0	0	71.0
pool	1121021	Asaccharobacter celatus strain	strain		0.0	0	0	2880893.0		0.0	0	0	39.0
pool	1121256	Caldanaerobius fijiensis strain	strain		0.0	0	0	2753972.0		0.0	0	0	96.0
pool	1123369	Thermoanaerobacter uzonensis strain	strain		0.0	0	0	2406712.0		0.0	0	0	34.0
pool	1122150	Lactobacillus nagelii strain	strain		0.0	0	0	2490428.0		0.0	0	0	36.0
pool	1121942	Halomonas ilicicola strain	strain		0.0	0	0	3952422.0		0.0	0	0	52.0
pool	1122234	Methylobacterium komagatae strain	strain		0.0	0	0	5496576.0		0.0	0	0	96.0
pool	1122930	Papillibacter cinnamivorans strain	strain		0.0	0	0	2888356.0		0.0	0	0	24.0
pool	1121463	Desulfovibrio senezii strain	strain		0.0	0	0	3559919.0		0.0	0	0	63.0
pool	1120995	Anaerosphaera aminiphila strain	strain		0.0	0	0	2020910.0		0.0	0	0	32.0
pool	1123260	Soehngenia saccharolytica strain	strain		0.0	0	0	2001077.0		0.0	0	0	72.0
pool	1123264	Sphingobacterium multivorum strain	strain		0.0	0	0	5863185.0		0.0	0	0	90.0
pool	1121950	Hespellia stercorisuis strain	strain		0.0	0	0	4394786.0		0.0	0	0	163.0
pool	1121320	Clostridium intestinale strain	strain		0.0	0	0	22131764.0		0.0	0	0	247.0
pool	1123324	Succinivibrio dextrinosolvens strain	strain		0.0	0	0	2664356.0		0.0	0	0	104.0
pool	1121477	Devosia limi strain	strain		0.0	0	0	4296833.0		0.0	0	0	29.0
pool	1449332	Actinomadura glauciflava strain	strain		0.0	0	0	9355715.0		0.0	0	0	93.0
pool	1121452	Desulfovibrio idahonensis strain	strain		0.0	0	0	3547531.0		0.0	0	0	177.0
pool	1121401	Desulfobotulus sapovorans strain	strain		0.0	0	0	3980756.0		0.0	0	0	75.0
pool	1123012	Pseudobutyrivibrio xylanivorans strain	strain		0.0	0	0	3420207.0		0.0	0	0	59.0
pool	1120923	Acidocella aminolytica strain	strain		0.0	0	0	3960665.0		0.0	0	0	110.0
pool	1122189	Malonomonas rubra strain	strain		0.0	0	0	3960448.0		0.0	0	0	42.0
pool	1121395	Desulfitobacterium chlororespirans strain	strain		0.0	0	0	5600379.0		0.0	0	0	38.0
pool	1122185	Lysobacter concretionis strain	strain		0.0	0	0	3031737.0		0.0	0	0	46.0
pool	1121262	Caloramator proteoclasticus strain	strain		0.0	0	0	2647357.0		0.0	0	0	125.0
pool	1123280	Sporacetigenium mesophilum strain	strain		0.0	0	0	2976284.0		0.0	0	0	56.0
pool	1123404	Tissierella praeacuta strain	strain		0.0	0	0	3113870.0		0.0	0	0	45.0
pool	1123031	Pseudoxanthomonas taiwanensis strain	strain		0.0	0	0	3035679.0		0.0	0	0	79.0
pool	1122206	Marinomonas polaris strain	strain		0.0	0	0	5032852.0		0.0	0	0	59.0
pool	1123272	Sphingorhabdus marina strain	strain		0.0	0	0	3547923.0		0.0	0	0	2.0
pool	1121416	Desulfopila aestuarii strain	strain		0.0	0	0	6064646.0		0.0	0	0	103.0
pool	1121120	Brenneria nigrifluens strain	strain		0.0	0	0	4814706.0		0.0	0	0	47.0
pool	1121476	Dethiosulfatibacter aminovorans strain	strain		0.0	0	0	4030129.0		0.0	0	0	82.0
pool	1120975	Alkalibacter saccharofermentans strain	strain		0.0	0	0	2325618.0		0.0	0	0	38.0
pool	1121872	Erwinia tracheiphila strain	strain		0.0	0	0	17642522.0		0.0	0	0	1419.0
pool	1123014	Pseudogulbenkiania subflava strain	strain		0.0	0	0	4362870.0		0.0	0	0	47.0
pool	1122934	Parasporobacterium paucivorans strain	strain		0.0	0	0	2440900.0		0.0	0	0	52.0
pool	1121391	Desulfacinum infernum strain	strain		0.0	0	0	4236285.0		0.0	0	0	81.0
pool	1121883	Fervidobacterium gondwanense strain	strain		0.0	0	0	2144384.0		0.0	0	0	27.0
pool	1121460	Desulfovibrio paquesii strain	strain		0.0	0	0	4199435.0		0.0	0	0	120.0
pool	1121331	Hathewaya proteolytica strain	strain		0.0	0	0	2814524.0		0.0	0	0	46.0
pool	1123064	Roseomonas vinacea strain	strain		0.0	0	0	6344653.0		0.0	0	0	124.0
pool	1123071	Rubritalea squalenifaciens strain	strain		0.0	0	0	4320165.0		0.0	0	0	22.0
pool	1122991	Prevotella shahii strain	strain		0.0	0	0	3504004.0		0.0	0	0	108.0
pool	1121284	Chryseobacterium bovis strain	strain		0.0	0	0	3337045.0		0.0	0	0	107.0
pool	1123271	Sphingorhabdus litoris strain	strain		0.0	0	0	3607646.0		0.0	0	0	3.0
pool	1121306	Clostridium collagenovorans strain	strain		0.0	0	0	3474946.0		0.0	0	0	34.0
pool	1121455	Desulfovibrio litoralis strain	strain		0.0	0	0	2736174.0		0.0	0	0	37.0
pool	1121326	Clostridium magnum strain	strain		0.0	0	0	6461802.0		0.0	0	0	121.0
pool	1121955	Hymenobacter daecheongensis strain	strain		0.0	0	0	4385506.0		0.0	0	0	18.0
pool	1121425	Desulfofundulus australicus strain	strain		0.0	0	0	2872854.0		0.0	0	0	80.0
pool	1123496	Vibrio porteresiae strain	strain		0.0	0	0	5418821.0		0.0	0	0	57.0
pool	1123380	Thermosipho atlanticus strain	strain		0.0	0	0	1635388.0		0.0	0	0	11.0
pool	1121029	Azoarcus communis strain	strain		0.0	0	0	4899927.0		0.0	0	0	130.0
pool	1121255	Caenimonas koreensis strain	strain		0.0	0	0	4594950.0		0.0	0	0	55.0
pool	1121405	Desulfococcus multivorans strain	strain		0.0	0	0	51975838.0		0.0	0	0	749.0
pool	1121025	Atopostipes suicloacalis strain	strain		0.0	0	0	2120985.0		0.0	0	0	55.0
pool	1121014	Arenimonas donghaensis strain	strain		0.0	0	0	2978743.0		0.0	0	0	8.0
pool	1123382	Thermosyntropha lipolytica strain	strain		0.0	0	0	2166976.0		0.0	0	0	96.0
pool	1123022	Pseudomonas xiamenensis strain	strain		0.0	0	0	4267703.0		0.0	0	0	17.0
pool	1122188	Lysobacter spongiicola strain	strain		0.0	0	0	3098414.0		0.0	0	0	31.0
